{
"type": "FeatureCollection",
"name": "hotosm_ita_sea_ports_points_geojson",
"features": [
{ "type": "Feature", "properties": { "name": "Maccagno", "name:en": null, "amenity": "ferry_terminal", "building": null, "port": null, "operator:type": null, "addr:full": null, "addr:city": "Maccagno", "source": null, "name:it": null, "osm_id": 262425351, "osm_type": "nodes" }, "geometry": { "type": "Point", "coordinates": [ 8.7396506, 46.0360364 ] } },
{ "type": "Feature", "properties": { "name": "Cannobio", "name:en": null, "amenity": "ferry_terminal", "building": null, "port": null, "operator:type": null, "addr:full": null, "addr:city": "Cannobio", "source": null, "name:it": null, "osm_id": 262425343, "osm_type": "nodes" }, "geometry": { "type": "Point", "coordinates": [ 8.7007859, 46.0634839 ] } },
{ "type": "Feature", "properties": { "name": "Cisano", "name:en": null, "amenity": "ferry_terminal", "building": null, "port": null, "operator:type": null, "addr:full": null, "addr:city": "Cisano", "source": null, "name:it": null, "osm_id": 4975170977, "osm_type": "nodes" }, "geometry": { "type": "Point", "coordinates": [ 10.7257944, 45.529685 ] } },
{ "type": "Feature", "properties": { "name": "Lazise", "name:en": null, "amenity": "ferry_terminal", "building": null, "port": null, "operator:type": null, "addr:full": null, "addr:city": "Lazise", "source": null, "name:it": null, "osm_id": 678578940, "osm_type": "nodes" }, "geometry": { "type": "Point", "coordinates": [ 10.7307464, 45.5053124 ] } },
{ "type": "Feature", "properties": { "name": null, "name:en": null, "amenity": "ferry_terminal", "building": null, "port": null, "operator:type": null, "addr:full": null, "addr:city": null, "source": null, "name:it": null, "osm_id": 367892880, "osm_type": "nodes" }, "geometry": { "type": "Point", "coordinates": [ 10.5415241, 45.4700737 ] } },
{ "type": "Feature", "properties": { "name": null, "name:en": null, "amenity": "ferry_terminal", "building": null, "port": null, "operator:type": null, "addr:full": null, "addr:city": null, "source": null, "name:it": null, "osm_id": 1134365551, "osm_type": "nodes" }, "geometry": { "type": "Point", "coordinates": [ 10.5356796, 46.8092204 ] } },
{ "type": "Feature", "properties": { "name": "GNV Genova", "name:en": null, "amenity": "ferry_terminal", "building": null, "port": null, "operator:type": null, "addr:full": null, "addr:city": null, "source": null, "name:it": null, "osm_id": 301390597, "osm_type": "nodes" }, "geometry": { "type": "Point", "coordinates": [ 8.9123218, 44.4089343 ] } },
{ "type": "Feature", "properties": { "name": "Pallanza", "name:en": null, "amenity": "ferry_terminal", "building": null, "port": null, "operator:type": null, "addr:full": null, "addr:city": "Verbania", "source": null, "name:it": null, "osm_id": 470022406, "osm_type": "nodes" }, "geometry": { "type": "Point", "coordinates": [ 8.5498837, 45.9208561 ] } },
{ "type": "Feature", "properties": { "name": "Isola Madre", "name:en": null, "amenity": "ferry_terminal", "building": null, "port": null, "operator:type": null, "addr:full": null, "addr:city": null, "source": "Bundesamt für Verkehr (BAV), DIDOK 2009", "name:it": null, "osm_id": 262451659, "osm_type": "nodes" }, "geometry": { "type": "Point", "coordinates": [ 8.5378272, 45.9103334 ] } },
{ "type": "Feature", "properties": { "name": "Navigazione Orta Omegna", "name:en": null, "amenity": "ferry_terminal", "building": null, "port": null, "operator:type": null, "addr:full": null, "addr:city": null, "source": null, "name:it": null, "osm_id": 1424162848, "osm_type": "nodes" }, "geometry": { "type": "Point", "coordinates": [ 8.4048442, 45.8148073 ] } },
{ "type": "Feature", "properties": { "name": null, "name:en": null, "amenity": "ferry_terminal", "building": null, "port": null, "operator:type": null, "addr:full": null, "addr:city": null, "source": null, "name:it": null, "osm_id": 3419895004, "osm_type": "nodes" }, "geometry": { "type": "Point", "coordinates": [ 8.4018715, 45.821845 ] } },
{ "type": "Feature", "properties": { "name": "Crabbia", "name:en": null, "amenity": "ferry_terminal", "building": null, "port": null, "operator:type": null, "addr:full": null, "addr:city": null, "source": null, "name:it": null, "osm_id": 3419853972, "osm_type": "nodes" }, "geometry": { "type": "Point", "coordinates": [ 8.3950371, 45.8293493 ] } },
{ "type": "Feature", "properties": { "name": "San Filiberto", "name:en": null, "amenity": "ferry_terminal", "building": null, "port": null, "operator:type": null, "addr:full": null, "addr:city": null, "source": null, "name:it": null, "osm_id": 3689511104, "osm_type": "nodes" }, "geometry": { "type": "Point", "coordinates": [ 8.3834614, 45.7936053 ] } },
{ "type": "Feature", "properties": { "name": "Pella", "name:en": null, "amenity": "ferry_terminal", "building": null, "port": null, "operator:type": null, "addr:full": null, "addr:city": null, "source": null, "name:it": null, "osm_id": 2614799001, "osm_type": "nodes" }, "geometry": { "type": "Point", "coordinates": [ 8.3888425, 45.8011279 ] } },
{ "type": "Feature", "properties": { "name": "Ronco", "name:en": null, "amenity": "ferry_terminal", "building": null, "port": null, "operator:type": null, "addr:full": null, "addr:city": null, "source": null, "name:it": null, "osm_id": 3419855464, "osm_type": "nodes" }, "geometry": { "type": "Point", "coordinates": [ 8.3824754, 45.8272669 ] } },
{ "type": "Feature", "properties": { "name": null, "name:en": null, "amenity": "ferry_terminal", "building": null, "port": null, "operator:type": null, "addr:full": null, "addr:city": null, "source": null, "name:it": null, "osm_id": 3419983733, "osm_type": "nodes" }, "geometry": { "type": "Point", "coordinates": [ 8.3860143, 45.8448615 ] } },
{ "type": "Feature", "properties": { "name": "Arona Interscambio", "name:en": null, "amenity": "ferry_terminal", "building": null, "port": null, "operator:type": null, "addr:full": null, "addr:city": null, "source": null, "name:it": null, "osm_id": 3849206379, "osm_type": "nodes" }, "geometry": { "type": "Point", "coordinates": [ 8.5614104, 45.7575596 ] } },
{ "type": "Feature", "properties": { "name": "Arona Molo 2", "name:en": null, "amenity": "ferry_terminal", "building": null, "port": null, "operator:type": null, "addr:full": null, "addr:city": "Arona", "source": "some data froom: Bundesamt für Verkehr (BAV), DIDOK 2009", "name:it": null, "osm_id": 983984927, "osm_type": "nodes" }, "geometry": { "type": "Point", "coordinates": [ 8.5619237, 45.7586832 ] } },
{ "type": "Feature", "properties": { "name": "Isola Bella", "name:en": null, "amenity": "ferry_terminal", "building": null, "port": null, "operator:type": null, "addr:full": null, "addr:city": null, "source": null, "name:it": null, "osm_id": 5582294004, "osm_type": "nodes" }, "geometry": { "type": "Point", "coordinates": [ 8.5259016, 45.8951233 ] } },
{ "type": "Feature", "properties": { "name": "San Francesco del deserto", "name:en": null, "amenity": "ferry_terminal", "building": null, "port": null, "operator:type": null, "addr:full": null, "addr:city": null, "source": null, "name:it": null, "osm_id": 9238328241, "osm_type": "nodes" }, "geometry": { "type": "Point", "coordinates": [ 12.4151366, 45.4735998 ] } },
{ "type": "Feature", "properties": { "name": "Corte Mincio", "name:en": null, "amenity": "ferry_terminal", "building": null, "port": null, "operator:type": null, "addr:full": null, "addr:city": null, "source": null, "name:it": null, "osm_id": 2449470546, "osm_type": "nodes" }, "geometry": { "type": "Point", "coordinates": [ 10.6823488, 45.1796038 ] } },
{ "type": "Feature", "properties": { "name": null, "name:en": null, "amenity": "ferry_terminal", "building": null, "port": null, "operator:type": null, "addr:full": null, "addr:city": null, "source": null, "name:it": null, "osm_id": 3942633107, "osm_type": "nodes" }, "geometry": { "type": "Point", "coordinates": [ 9.4321167, 45.090831 ] } },
{ "type": "Feature", "properties": { "name": "Villa Widmann", "name:en": null, "amenity": "ferry_terminal", "building": null, "port": null, "operator:type": null, "addr:full": null, "addr:city": null, "source": null, "name:it": null, "osm_id": 9211026225, "osm_type": "nodes" }, "geometry": { "type": "Point", "coordinates": [ 12.146313, 45.4417249 ] } },
{ "type": "Feature", "properties": { "name": null, "name:en": null, "amenity": "ferry_terminal", "building": null, "port": null, "operator:type": null, "addr:full": null, "addr:city": null, "source": null, "name:it": null, "osm_id": 1414937154, "osm_type": "nodes" }, "geometry": { "type": "Point", "coordinates": [ 8.7006267, 46.0630565 ] } },
{ "type": "Feature", "properties": { "name": "San Zaccaria (Pietà) \"A\"", "name:en": null, "amenity": "ferry_terminal", "building": null, "port": null, "operator:type": null, "addr:full": null, "addr:city": null, "source": null, "name:it": null, "osm_id": 27465310, "osm_type": "nodes" }, "geometry": { "type": "Point", "coordinates": [ 12.3449531, 45.4333699 ] } },
{ "type": "Feature", "properties": { "name": "Burano (C)", "name:en": null, "amenity": "ferry_terminal", "building": null, "port": null, "operator:type": null, "addr:full": null, "addr:city": null, "source": null, "name:it": null, "osm_id": 3531850940, "osm_type": "nodes" }, "geometry": { "type": "Point", "coordinates": [ 12.4166995, 45.4875797 ] } },
{ "type": "Feature", "properties": { "name": "San Zaccaria (Danieli) \"E\"", "name:en": null, "amenity": "ferry_terminal", "building": null, "port": null, "operator:type": null, "addr:full": null, "addr:city": null, "source": null, "name:it": null, "osm_id": 6860720940, "osm_type": "nodes" }, "geometry": { "type": "Point", "coordinates": [ 12.3422158, 45.4333644 ] } },
{ "type": "Feature", "properties": { "name": "Burano (A)", "name:en": null, "amenity": "ferry_terminal", "building": null, "port": null, "operator:type": null, "addr:full": null, "addr:city": null, "source": null, "name:it": null, "osm_id": 7943196373, "osm_type": "nodes" }, "geometry": { "type": "Point", "coordinates": [ 12.415233, 45.4877014 ] } },
{ "type": "Feature", "properties": { "name": "Limonta", "name:en": null, "amenity": "ferry_terminal", "building": null, "port": null, "operator:type": null, "addr:full": null, "addr:city": "Limonta", "source": null, "name:it": null, "osm_id": 30939616, "osm_type": "nodes" }, "geometry": { "type": "Point", "coordinates": [ 9.2726263, 45.9564825 ] } },
{ "type": "Feature", "properties": { "name": "Colico", "name:en": null, "amenity": "ferry_terminal", "building": null, "port": null, "operator:type": null, "addr:full": null, "addr:city": "Colico", "source": null, "name:it": null, "osm_id": 853050595, "osm_type": "nodes" }, "geometry": { "type": "Point", "coordinates": [ 9.3682613, 46.1375936 ] } },
{ "type": "Feature", "properties": { "name": null, "name:en": null, "amenity": "ferry_terminal", "building": null, "port": null, "operator:type": null, "addr:full": null, "addr:city": null, "source": null, "name:it": null, "osm_id": 1612874356, "osm_type": "nodes" }, "geometry": { "type": "Point", "coordinates": [ 8.9123267, 44.4123653 ] } },
{ "type": "Feature", "properties": { "name": null, "name:en": null, "amenity": "ferry_terminal", "building": null, "port": null, "operator:type": null, "addr:full": null, "addr:city": null, "source": null, "name:it": null, "osm_id": 1612874455, "osm_type": "nodes" }, "geometry": { "type": "Point", "coordinates": [ 8.9132617, 44.4128887 ] } },
{ "type": "Feature", "properties": { "name": "Museo", "name:en": null, "amenity": "ferry_terminal", "building": null, "port": null, "operator:type": null, "addr:full": null, "addr:city": null, "source": null, "name:it": null, "osm_id": 4212293008, "osm_type": "nodes" }, "geometry": { "type": "Point", "coordinates": [ 12.3552116, 45.4561182 ] } },
{ "type": "Feature", "properties": { "name": "Sistiana / Sesljan", "name:en": null, "amenity": "ferry_terminal", "building": null, "port": null, "operator:type": null, "addr:full": null, "addr:city": null, "source": null, "name:it": "Sistiana", "osm_id": 611731405, "osm_type": "nodes" }, "geometry": { "type": "Point", "coordinates": [ 13.6304576, 45.7703912 ] } },
{ "type": "Feature", "properties": { "name": "San Lazzaro", "name:en": null, "amenity": "ferry_terminal", "building": null, "port": null, "operator:type": null, "addr:full": null, "addr:city": null, "source": null, "name:it": null, "osm_id": 413686738, "osm_type": "nodes" }, "geometry": { "type": "Point", "coordinates": [ 12.3599043, 45.4120997 ] } },
{ "type": "Feature", "properties": { "name": "Bellagio", "name:en": null, "amenity": "ferry_terminal", "building": null, "port": null, "operator:type": null, "addr:full": null, "addr:city": "Bellagio", "source": null, "name:it": null, "osm_id": 271593582, "osm_type": "nodes" }, "geometry": { "type": "Point", "coordinates": [ 9.2601038, 45.9873798 ] } },
{ "type": "Feature", "properties": { "name": "Approdo", "name:en": null, "amenity": "ferry_terminal", "building": null, "port": null, "operator:type": null, "addr:full": null, "addr:city": null, "source": null, "name:it": null, "osm_id": 10279681641, "osm_type": "nodes" }, "geometry": { "type": "Point", "coordinates": [ 9.0695831, 45.4180145 ] } },
{ "type": "Feature", "properties": { "name": null, "name:en": null, "amenity": "ferry_terminal", "building": null, "port": null, "operator:type": null, "addr:full": null, "addr:city": null, "source": null, "name:it": null, "osm_id": 2388718478, "osm_type": "nodes" }, "geometry": { "type": "Point", "coordinates": [ 12.5738517, 44.0743457 ] } },
{ "type": "Feature", "properties": { "name": null, "name:en": null, "amenity": "ferry_terminal", "building": null, "port": null, "operator:type": null, "addr:full": null, "addr:city": null, "source": null, "name:it": null, "osm_id": 2388718486, "osm_type": "nodes" }, "geometry": { "type": "Point", "coordinates": [ 12.5733973, 44.0748021 ] } },
{ "type": "Feature", "properties": { "name": "Giglio", "name:en": null, "amenity": "ferry_terminal", "building": null, "port": null, "operator:type": null, "addr:full": null, "addr:city": null, "source": null, "name:it": null, "osm_id": 762651642, "osm_type": "nodes" }, "geometry": { "type": "Point", "coordinates": [ 12.3326382, 45.4314283 ] } },
{ "type": "Feature", "properties": { "name": "Burano (B)", "name:en": null, "amenity": "ferry_terminal", "building": null, "port": null, "operator:type": null, "addr:full": null, "addr:city": null, "source": null, "name:it": null, "osm_id": 4212293004, "osm_type": "nodes" }, "geometry": { "type": "Point", "coordinates": [ 12.4162159, 45.487615 ] } },
{ "type": "Feature", "properties": { "name": "Ferrovia \"E\"", "name:en": null, "amenity": "ferry_terminal", "building": null, "port": null, "operator:type": null, "addr:full": null, "addr:city": null, "source": null, "name:it": null, "osm_id": 5395448187, "osm_type": "nodes" }, "geometry": { "type": "Point", "coordinates": [ 12.3209625, 45.4399353 ] } },
{ "type": "Feature", "properties": { "name": "Piazzale Roma Parisi \"E\"", "name:en": null, "amenity": "ferry_terminal", "building": null, "port": null, "operator:type": null, "addr:full": null, "addr:city": null, "source": null, "name:it": null, "osm_id": 262938948, "osm_type": "nodes" }, "geometry": { "type": "Point", "coordinates": [ 12.3184907, 45.4393852 ] } },
{ "type": "Feature", "properties": { "name": "Accademia \"A\"", "name:en": null, "amenity": "ferry_terminal", "building": null, "port": null, "operator:type": null, "addr:full": null, "addr:city": null, "source": null, "name:it": null, "osm_id": 695741733, "osm_type": "nodes" }, "geometry": { "type": "Point", "coordinates": [ 12.3285289, 45.4317404 ] } },
{ "type": "Feature", "properties": { "name": "Isola di Garda", "name:en": null, "amenity": "ferry_terminal", "building": null, "port": null, "operator:type": null, "addr:full": null, "addr:city": null, "source": null, "name:it": null, "osm_id": 604307703, "osm_type": "nodes" }, "geometry": { "type": "Point", "coordinates": [ 10.5891117, 45.5926509 ] } },
{ "type": "Feature", "properties": { "name": "Fasano", "name:en": null, "amenity": "ferry_terminal", "building": null, "port": null, "operator:type": null, "addr:full": null, "addr:city": "Gardone Riviera", "source": null, "name:it": null, "osm_id": 4975307097, "osm_type": "nodes" }, "geometry": { "type": "Point", "coordinates": [ 10.5845872, 45.6252719 ] } },
{ "type": "Feature", "properties": { "name": "Molo di Bandella", "name:en": null, "amenity": "ferry_terminal", "building": null, "port": null, "operator:type": null, "addr:full": null, "addr:city": null, "source": null, "name:it": null, "osm_id": 4451810347, "osm_type": "nodes" }, "geometry": { "type": "Point", "coordinates": [ 11.6572264, 43.5104232 ] } },
{ "type": "Feature", "properties": { "name": "Ca' di Sopra", "name:en": null, "amenity": "ferry_terminal", "building": null, "port": null, "operator:type": null, "addr:full": null, "addr:city": null, "source": null, "name:it": null, "osm_id": 1551837904, "osm_type": "nodes" }, "geometry": { "type": "Point", "coordinates": [ 11.8394674, 43.8603721 ] } },
{ "type": "Feature", "properties": { "name": "Vergherete", "name:en": null, "amenity": "ferry_terminal", "building": null, "port": null, "operator:type": null, "addr:full": null, "addr:city": null, "source": null, "name:it": null, "osm_id": 7373038336, "osm_type": "nodes" }, "geometry": { "type": "Point", "coordinates": [ 11.8352099, 43.873325 ] } },
{ "type": "Feature", "properties": { "name": null, "name:en": null, "amenity": "ferry_terminal", "building": null, "port": null, "operator:type": null, "addr:full": null, "addr:city": null, "source": null, "name:it": null, "osm_id": 746505797, "osm_type": "nodes" }, "geometry": { "type": "Point", "coordinates": [ 15.5636866, 38.1881435 ] } },
{ "type": "Feature", "properties": { "name": null, "name:en": null, "amenity": "ferry_terminal", "building": null, "port": null, "operator:type": null, "addr:full": null, "addr:city": null, "source": null, "name:it": null, "osm_id": 746505798, "osm_type": "nodes" }, "geometry": { "type": "Point", "coordinates": [ 15.5639446, 38.1883092 ] } },
{ "type": "Feature", "properties": { "name": null, "name:en": null, "amenity": "ferry_terminal", "building": null, "port": null, "operator:type": null, "addr:full": null, "addr:city": null, "source": null, "name:it": null, "osm_id": 86103292, "osm_type": "nodes" }, "geometry": { "type": "Point", "coordinates": [ 9.1040352, 39.2112981 ] } },
{ "type": "Feature", "properties": { "name": "Scalo di Careno", "name:en": null, "amenity": "ferry_terminal", "building": null, "port": null, "operator:type": null, "addr:full": null, "addr:city": "Careno", "source": null, "name:it": null, "osm_id": 2374361496, "osm_type": "nodes" }, "geometry": { "type": "Point", "coordinates": [ 9.1534763, 45.8961572 ] } },
{ "type": "Feature", "properties": { "name": "Cadenabbia", "name:en": null, "amenity": "ferry_terminal", "building": null, "port": null, "operator:type": null, "addr:full": null, "addr:city": null, "source": null, "name:it": null, "osm_id": 1862792431, "osm_type": "nodes" }, "geometry": { "type": "Point", "coordinates": [ 9.2376225, 45.9906485 ] } },
{ "type": "Feature", "properties": { "name": "S. Rocco", "name:en": null, "amenity": "ferry_terminal", "building": null, "port": null, "operator:type": null, "addr:full": null, "addr:city": null, "source": null, "name:it": null, "osm_id": 3756014517, "osm_type": "nodes" }, "geometry": { "type": "Point", "coordinates": [ 8.9793493, 45.9849103 ] } },
{ "type": "Feature", "properties": { "name": "Torno", "name:en": null, "amenity": "ferry_terminal", "building": null, "port": null, "operator:type": null, "addr:full": null, "addr:city": "Torno", "source": null, "name:it": null, "osm_id": 1920138480, "osm_type": "nodes" }, "geometry": { "type": "Point", "coordinates": [ 9.1129646, 45.8566011 ] } },
{ "type": "Feature", "properties": { "name": null, "name:en": null, "amenity": "ferry_terminal", "building": null, "port": null, "operator:type": null, "addr:full": null, "addr:city": null, "source": null, "name:it": null, "osm_id": 278562854, "osm_type": "nodes" }, "geometry": { "type": "Point", "coordinates": [ 12.2792812, 44.4916551 ] } },
{ "type": "Feature", "properties": { "name": "Porto Portese", "name:en": null, "amenity": "ferry_terminal", "building": null, "port": null, "operator:type": null, "addr:full": null, "addr:city": "San Felice del Benaco", "source": null, "name:it": null, "osm_id": 512008183, "osm_type": "nodes" }, "geometry": { "type": "Point", "coordinates": [ 10.5536491, 45.6013329 ] } },
{ "type": "Feature", "properties": { "name": null, "name:en": null, "amenity": "ferry_terminal", "building": null, "port": null, "operator:type": null, "addr:full": null, "addr:city": null, "source": null, "name:it": null, "osm_id": 534965622, "osm_type": "nodes" }, "geometry": { "type": "Point", "coordinates": [ 13.5057586, 43.6174908 ] } },
{ "type": "Feature", "properties": { "name": "13", "name:en": null, "amenity": "ferry_terminal", "building": null, "port": null, "operator:type": null, "addr:full": null, "addr:city": null, "source": null, "name:it": null, "osm_id": 472133982, "osm_type": "nodes" }, "geometry": { "type": "Point", "coordinates": [ 13.5085316, 43.6202295 ] } },
{ "type": "Feature", "properties": { "name": null, "name:en": null, "amenity": "ferry_terminal", "building": null, "port": null, "operator:type": null, "addr:full": null, "addr:city": null, "source": null, "name:it": null, "osm_id": 1869280457, "osm_type": "nodes" }, "geometry": { "type": "Point", "coordinates": [ 13.5074334, 43.6210655 ] } },
{ "type": "Feature", "properties": { "name": "Castiglione del Lago", "name:en": null, "amenity": "ferry_terminal", "building": null, "port": null, "operator:type": null, "addr:full": null, "addr:city": null, "source": null, "name:it": null, "osm_id": 309960572, "osm_type": "nodes" }, "geometry": { "type": "Point", "coordinates": [ 12.0570977, 43.1233765 ] } },
{ "type": "Feature", "properties": { "name": "Limone traghetto", "name:en": null, "amenity": "ferry_terminal", "building": null, "port": null, "operator:type": null, "addr:full": null, "addr:city": "Limone", "source": null, "name:it": null, "osm_id": 261709053, "osm_type": "nodes" }, "geometry": { "type": "Point", "coordinates": [ 10.7941303, 45.8114438 ] } },
{ "type": "Feature", "properties": { "name": "Scalo di Como", "name:en": null, "amenity": "ferry_terminal", "building": null, "port": null, "operator:type": null, "addr:full": null, "addr:city": "Como", "source": null, "name:it": null, "osm_id": 4977431500, "osm_type": "nodes" }, "geometry": { "type": "Point", "coordinates": [ 9.0825124, 45.8149897 ] } },
{ "type": "Feature", "properties": { "name": "Como", "name:en": null, "amenity": "ferry_terminal", "building": null, "port": null, "operator:type": null, "addr:full": null, "addr:city": null, "source": null, "name:it": null, "osm_id": 1863145933, "osm_type": "nodes" }, "geometry": { "type": "Point", "coordinates": [ 9.0797573, 45.8134817 ] } },
{ "type": "Feature", "properties": { "name": "Fiore di Maggio Escursioni", "name:en": null, "amenity": "ferry_terminal", "building": null, "port": null, "operator:type": null, "addr:full": null, "addr:city": null, "source": null, "name:it": null, "osm_id": 3714861789, "osm_type": "nodes" }, "geometry": { "type": "Point", "coordinates": [ 9.5093309, 39.1182394 ] } },
{ "type": "Feature", "properties": { "name": "Matilda II", "name:en": null, "amenity": "ferry_terminal", "building": null, "port": null, "operator:type": null, "addr:full": null, "addr:city": null, "source": null, "name:it": null, "osm_id": 3714861790, "osm_type": "nodes" }, "geometry": { "type": "Point", "coordinates": [ 9.5091358, 39.1189176 ] } },
{ "type": "Feature", "properties": { "name": "Villa Pisani", "name:en": null, "amenity": "ferry_terminal", "building": null, "port": null, "operator:type": null, "addr:full": null, "addr:city": null, "source": null, "name:it": null, "osm_id": 9211672493, "osm_type": "nodes" }, "geometry": { "type": "Point", "coordinates": [ 12.0132376, 45.4077237 ] } },
{ "type": "Feature", "properties": { "name": "Ca’ Roman", "name:en": null, "amenity": "ferry_terminal", "building": null, "port": null, "operator:type": null, "addr:full": null, "addr:city": null, "source": null, "name:it": null, "osm_id": 2328587950, "osm_type": "nodes" }, "geometry": { "type": "Point", "coordinates": [ 12.2939513, 45.2436131 ] } },
{ "type": "Feature", "properties": { "name": null, "name:en": null, "amenity": "ferry_terminal", "building": null, "port": null, "operator:type": null, "addr:full": null, "addr:city": null, "source": null, "name:it": null, "osm_id": 1545617260, "osm_type": "nodes" }, "geometry": { "type": "Point", "coordinates": [ 12.2863109, 45.2170696 ] } },
{ "type": "Feature", "properties": { "name": "Pellestrina - Cimitero", "name:en": null, "amenity": "ferry_terminal", "building": null, "port": null, "operator:type": null, "addr:full": null, "addr:city": null, "source": null, "name:it": null, "osm_id": 227063838, "osm_type": "nodes" }, "geometry": { "type": "Point", "coordinates": [ 12.2998999, 45.2627744 ] } },
{ "type": "Feature", "properties": { "name": "Palermo", "name:en": null, "amenity": "ferry_terminal", "building": null, "port": null, "operator:type": null, "addr:full": null, "addr:city": null, "source": null, "name:it": null, "osm_id": 1868630098, "osm_type": "nodes" }, "geometry": { "type": "Point", "coordinates": [ 13.3637585, 38.1280201 ] } },
{ "type": "Feature", "properties": { "name": "Escursioni in barca", "name:en": null, "amenity": "ferry_terminal", "building": null, "port": null, "operator:type": null, "addr:full": null, "addr:city": null, "source": null, "name:it": null, "osm_id": 2420569677, "osm_type": "nodes" }, "geometry": { "type": "Point", "coordinates": [ 10.6964346, 45.1580046 ] } },
{ "type": "Feature", "properties": { "name": null, "name:en": null, "amenity": "ferry_terminal", "building": null, "port": null, "operator:type": null, "addr:full": null, "addr:city": null, "source": null, "name:it": null, "osm_id": 2390955611, "osm_type": "nodes" }, "geometry": { "type": "Point", "coordinates": [ 9.1516083, 44.351409 ] } },
{ "type": "Feature", "properties": { "name": "Porto di Barletta", "name:en": null, "amenity": "ferry_terminal", "building": null, "port": null, "operator:type": null, "addr:full": null, "addr:city": null, "source": null, "name:it": null, "osm_id": 4118933041, "osm_type": "nodes" }, "geometry": { "type": "Point", "coordinates": [ 16.2867565, 41.3282381 ] } },
{ "type": "Feature", "properties": { "name": "Isola Superiore", "name:en": null, "amenity": "ferry_terminal", "building": null, "port": null, "operator:type": null, "addr:full": null, "addr:city": null, "source": "Bundesamt für Verkehr (BAV), DIDOK 2009", "name:it": null, "osm_id": 262425390, "osm_type": "nodes" }, "geometry": { "type": "Point", "coordinates": [ 8.5201154, 45.9001878 ] } },
{ "type": "Feature", "properties": { "name": null, "name:en": null, "amenity": "ferry_terminal", "building": null, "port": null, "operator:type": null, "addr:full": null, "addr:city": null, "source": null, "name:it": null, "osm_id": 1849046995, "osm_type": "nodes" }, "geometry": { "type": "Point", "coordinates": [ 9.1074901, 39.2103001 ] } },
{ "type": "Feature", "properties": { "name": "Villa San Giovanni invasatura 1", "name:en": null, "amenity": "ferry_terminal", "building": null, "port": null, "operator:type": null, "addr:full": null, "addr:city": null, "source": null, "name:it": null, "osm_id": 8191001991, "osm_type": "nodes" }, "geometry": { "type": "Point", "coordinates": [ 15.6336195, 38.2164016 ] } },
{ "type": "Feature", "properties": { "name": "Ferry Chiavari", "name:en": null, "amenity": "ferry_terminal", "building": null, "port": null, "operator:type": null, "addr:full": null, "addr:city": null, "source": null, "name:it": null, "osm_id": 12112153975, "osm_type": "nodes" }, "geometry": { "type": "Point", "coordinates": [ 9.3200758, 44.3120593 ] } },
{ "type": "Feature", "properties": { "name": "L'Alguer / Alghero", "name:en": null, "amenity": "ferry_terminal", "building": null, "port": null, "operator:type": null, "addr:full": null, "addr:city": null, "source": null, "name:it": "Alghero", "osm_id": 12112217394, "osm_type": "nodes" }, "geometry": { "type": "Point", "coordinates": [ 8.3134883, 40.5600868 ] } },
{ "type": "Feature", "properties": { "name": "Porto Cagliari", "name:en": null, "amenity": "ferry_terminal", "building": null, "port": null, "operator:type": null, "addr:full": null, "addr:city": null, "source": null, "name:it": null, "osm_id": 4362051382, "osm_type": "nodes" }, "geometry": { "type": "Point", "coordinates": [ 9.1051284, 39.2136401 ] } },
{ "type": "Feature", "properties": { "name": "Trieste - Molo Bersaglieri", "name:en": null, "amenity": "ferry_terminal", "building": null, "port": null, "operator:type": null, "addr:full": null, "addr:city": null, "source": null, "name:it": null, "osm_id": 293741618, "osm_type": "nodes" }, "geometry": { "type": "Point", "coordinates": [ 13.7636316, 45.6487812 ] } },
{ "type": "Feature", "properties": { "name": "Barcola / Barkovlje", "name:en": null, "amenity": "ferry_terminal", "building": null, "port": null, "operator:type": null, "addr:full": null, "addr:city": null, "source": null, "name:it": null, "osm_id": 1602171961, "osm_type": "nodes" }, "geometry": { "type": "Point", "coordinates": [ 13.750401, 45.6824821 ] } },
{ "type": "Feature", "properties": { "name": "Grignano / Grljan", "name:en": null, "amenity": "ferry_terminal", "building": null, "port": null, "operator:type": null, "addr:full": null, "addr:city": null, "source": null, "name:it": null, "osm_id": 1602171965, "osm_type": "nodes" }, "geometry": { "type": "Point", "coordinates": [ 13.7131329, 45.7069255 ] } },
{ "type": "Feature", "properties": { "name": "Cedas", "name:en": null, "amenity": "ferry_terminal", "building": null, "port": null, "operator:type": null, "addr:full": null, "addr:city": null, "source": null, "name:it": null, "osm_id": 12010300355, "osm_type": "nodes" }, "geometry": { "type": "Point", "coordinates": [ 13.7378892, 45.6930048 ] } },
{ "type": "Feature", "properties": { "name": "Porto Vecchio", "name:en": null, "amenity": "ferry_terminal", "building": null, "port": null, "operator:type": null, "addr:full": null, "addr:city": null, "source": null, "name:it": null, "osm_id": 12012873011, "osm_type": "nodes" }, "geometry": { "type": "Point", "coordinates": [ 13.7610794, 45.6656907 ] } },
{ "type": "Feature", "properties": { "name": "S. Giobbe", "name:en": null, "amenity": "ferry_terminal", "building": null, "port": null, "operator:type": null, "addr:full": null, "addr:city": null, "source": null, "name:it": null, "osm_id": 12127640701, "osm_type": "nodes" }, "geometry": { "type": "Point", "coordinates": [ 12.3181511, 45.4465465 ] } },
{ "type": "Feature", "properties": { "name": "Molo 5", "name:en": null, "amenity": "ferry_terminal", "building": null, "port": null, "operator:type": null, "addr:full": null, "addr:city": null, "source": null, "name:it": null, "osm_id": 7937559315, "osm_type": "nodes" }, "geometry": { "type": "Point", "coordinates": [ 10.5461062, 42.9291264 ] } },
{ "type": "Feature", "properties": { "name": "Molo 7", "name:en": null, "amenity": "ferry_terminal", "building": null, "port": null, "operator:type": null, "addr:full": null, "addr:city": null, "source": null, "name:it": null, "osm_id": 370929772, "osm_type": "nodes" }, "geometry": { "type": "Point", "coordinates": [ 10.545719, 42.929409 ] } },
{ "type": "Feature", "properties": { "name": "Molo 2", "name:en": null, "amenity": "ferry_terminal", "building": null, "port": null, "operator:type": null, "addr:full": null, "addr:city": null, "source": null, "name:it": null, "osm_id": 1105942775, "osm_type": "nodes" }, "geometry": { "type": "Point", "coordinates": [ 10.5466132, 42.9285627 ] } },
{ "type": "Feature", "properties": { "name": "Molo 8", "name:en": null, "amenity": "ferry_terminal", "building": null, "port": null, "operator:type": null, "addr:full": null, "addr:city": null, "source": null, "name:it": null, "osm_id": 7937559314, "osm_type": "nodes" }, "geometry": { "type": "Point", "coordinates": [ 10.5450733, 42.9299939 ] } },
{ "type": "Feature", "properties": { "name": "Molo 1", "name:en": null, "amenity": "ferry_terminal", "building": null, "port": null, "operator:type": null, "addr:full": null, "addr:city": null, "source": null, "name:it": null, "osm_id": 8498189016, "osm_type": "nodes" }, "geometry": { "type": "Point", "coordinates": [ 10.5491121, 42.9292382 ] } },
{ "type": "Feature", "properties": { "name": "Lovere 1", "name:en": null, "amenity": "ferry_terminal", "building": null, "port": null, "operator:type": null, "addr:full": null, "addr:city": null, "source": null, "name:it": null, "osm_id": 487465400, "osm_type": "nodes" }, "geometry": { "type": "Point", "coordinates": [ 10.0756243, 45.8167002 ] } },
{ "type": "Feature", "properties": { "name": "Riva del Garda", "name:en": null, "amenity": "ferry_terminal", "building": null, "port": null, "operator:type": null, "addr:full": null, "addr:city": "Riva del Garda", "source": null, "name:it": null, "osm_id": 393013285, "osm_type": "nodes" }, "geometry": { "type": "Point", "coordinates": [ 10.8391818, 45.883483 ] } },
{ "type": "Feature", "properties": { "name": "Porto Antico", "name:en": null, "amenity": "ferry_terminal", "building": null, "port": null, "operator:type": null, "addr:full": null, "addr:city": null, "source": null, "name:it": null, "osm_id": 248947670, "osm_type": "nodes" }, "geometry": { "type": "Point", "coordinates": [ 8.9274026, 44.4093699 ] } },
{ "type": "Feature", "properties": { "name": "Pognana", "name:en": null, "amenity": "ferry_terminal", "building": null, "port": null, "operator:type": null, "addr:full": null, "addr:city": "Pognana Lario", "source": null, "name:it": null, "osm_id": 4977551046, "osm_type": "nodes" }, "geometry": { "type": "Point", "coordinates": [ 9.1559194, 45.8783594 ] } },
{ "type": "Feature", "properties": { "name": "Scalo di Carciano", "name:en": null, "amenity": "ferry_terminal", "building": null, "port": null, "operator:type": null, "addr:full": null, "addr:city": "Stresa", "source": null, "name:it": null, "osm_id": 469446544, "osm_type": "nodes" }, "geometry": { "type": "Point", "coordinates": [ 8.5247262, 45.891123 ] } },
{ "type": "Feature", "properties": { "name": "S. Maria del Mare", "name:en": null, "amenity": "ferry_terminal", "building": null, "port": null, "operator:type": null, "addr:full": null, "addr:city": null, "source": null, "name:it": null, "osm_id": 27179878, "osm_type": "nodes" }, "geometry": { "type": "Point", "coordinates": [ 12.3169421, 45.3327282 ] } },
{ "type": "Feature", "properties": { "name": "Da Mula (3, 4)", "name:en": null, "amenity": "ferry_terminal", "building": null, "port": null, "operator:type": null, "addr:full": null, "addr:city": null, "source": null, "name:it": null, "osm_id": 1738015078, "osm_type": "nodes" }, "geometry": { "type": "Point", "coordinates": [ 12.3519686, 45.4561174 ] } },
{ "type": "Feature", "properties": { "name": "Porto Torres - Genova", "name:en": null, "amenity": "ferry_terminal", "building": null, "port": null, "operator:type": null, "addr:full": null, "addr:city": null, "source": null, "name:it": null, "osm_id": 4373249668, "osm_type": "nodes" }, "geometry": { "type": "Point", "coordinates": [ 8.3770762, 40.8388824 ] } },
{ "type": "Feature", "properties": { "name": null, "name:en": null, "amenity": "ferry_terminal", "building": null, "port": null, "operator:type": null, "addr:full": null, "addr:city": null, "source": null, "name:it": null, "osm_id": 1753698276, "osm_type": "nodes" }, "geometry": { "type": "Point", "coordinates": [ 15.6329096, 38.2208781 ] } },
{ "type": "Feature", "properties": { "name": "San Feliciano", "name:en": null, "amenity": "ferry_terminal", "building": null, "port": null, "operator:type": null, "addr:full": null, "addr:city": null, "source": null, "name:it": null, "osm_id": 3673509318, "osm_type": "nodes" }, "geometry": { "type": "Point", "coordinates": [ 12.1673071, 43.1151465 ] } },
{ "type": "Feature", "properties": { "name": "Isola Polvese", "name:en": null, "amenity": "ferry_terminal", "building": null, "port": null, "operator:type": null, "addr:full": null, "addr:city": null, "source": null, "name:it": null, "osm_id": 3673509322, "osm_type": "nodes" }, "geometry": { "type": "Point", "coordinates": [ 12.1429817, 43.1145051 ] } },
{ "type": "Feature", "properties": { "name": "Sant'Angelo", "name:en": null, "amenity": "ferry_terminal", "building": null, "port": null, "operator:type": null, "addr:full": null, "addr:city": null, "source": null, "name:it": null, "osm_id": 1351761192, "osm_type": "nodes" }, "geometry": { "type": "Point", "coordinates": [ 12.4681481, 41.901758 ] } },
{ "type": "Feature", "properties": { "name": "Ponte Cavour", "name:en": null, "amenity": "ferry_terminal", "building": null, "port": null, "operator:type": null, "addr:full": null, "addr:city": null, "source": null, "name:it": null, "osm_id": 1351757225, "osm_type": "nodes" }, "geometry": { "type": "Point", "coordinates": [ 12.4743542, 41.9044109 ] } },
{ "type": "Feature", "properties": { "name": null, "name:en": null, "amenity": "ferry_terminal", "building": null, "port": null, "operator:type": null, "addr:full": null, "addr:city": null, "source": null, "name:it": null, "osm_id": 259742242, "osm_type": "nodes" }, "geometry": { "type": "Point", "coordinates": [ 11.1215848, 42.4354663 ] } },
{ "type": "Feature", "properties": { "name": "Trieste - Molo Audace", "name:en": null, "amenity": "ferry_terminal", "building": null, "port": null, "operator:type": null, "addr:full": null, "addr:city": null, "source": null, "name:it": null, "osm_id": 8892969527, "osm_type": "nodes" }, "geometry": { "type": "Point", "coordinates": [ 13.7670679, 45.6518679 ] } },
{ "type": "Feature", "properties": { "name": "Vignole", "name:en": null, "amenity": "ferry_terminal", "building": null, "port": null, "operator:type": null, "addr:full": null, "addr:city": null, "source": null, "name:it": null, "osm_id": 2408429240, "osm_type": "nodes" }, "geometry": { "type": "Point", "coordinates": [ 12.3762687, 45.4437393 ] } },
{ "type": "Feature", "properties": { "name": "Taxi Boat", "name:en": null, "amenity": "ferry_terminal", "building": null, "port": null, "operator:type": null, "addr:full": null, "addr:city": null, "source": null, "name:it": null, "osm_id": 11949742819, "osm_type": "nodes" }, "geometry": { "type": "Point", "coordinates": [ 8.6997486, 46.0661479 ] } },
{ "type": "Feature", "properties": { "name": null, "name:en": null, "amenity": "ferry_terminal", "building": null, "port": null, "operator:type": null, "addr:full": null, "addr:city": null, "source": null, "name:it": null, "osm_id": 4686964400, "osm_type": "nodes" }, "geometry": { "type": "Point", "coordinates": [ 11.1048891, 42.2541152 ] } },
{ "type": "Feature", "properties": { "name": "Santa Margherita Ligure", "name:en": null, "amenity": "ferry_terminal", "building": null, "port": null, "operator:type": null, "addr:full": null, "addr:city": null, "source": null, "name:it": null, "osm_id": 1883049971, "osm_type": "nodes" }, "geometry": { "type": "Point", "coordinates": [ 9.2146023, 44.3336302 ] } },
{ "type": "Feature", "properties": { "name": "Molo Angioino", "name:en": null, "amenity": "ferry_terminal", "building": null, "port": null, "operator:type": null, "addr:full": null, "addr:city": null, "source": null, "name:it": null, "osm_id": 11192965078, "osm_type": "nodes" }, "geometry": { "type": "Point", "coordinates": [ 14.2572892, 40.8376704 ] } },
{ "type": "Feature", "properties": { "name": "Punta Sabbioni", "name:en": null, "amenity": "ferry_terminal", "building": null, "port": null, "operator:type": null, "addr:full": null, "addr:city": null, "source": null, "name:it": null, "osm_id": 794050749, "osm_type": "nodes" }, "geometry": { "type": "Point", "coordinates": [ 12.4251547, 45.447938 ] } },
{ "type": "Feature", "properties": { "name": "Vibo Valentia Marina", "name:en": null, "amenity": "ferry_terminal", "building": null, "port": null, "operator:type": null, "addr:full": null, "addr:city": "Vibo Marina", "source": null, "name:it": null, "osm_id": 12156393288, "osm_type": "nodes" }, "geometry": { "type": "Point", "coordinates": [ 16.122789, 38.7171569 ] } },
{ "type": "Feature", "properties": { "name": "Maderno", "name:en": null, "amenity": "ferry_terminal", "building": null, "port": null, "operator:type": null, "addr:full": null, "addr:city": "Toscolano Maderno", "source": null, "name:it": null, "osm_id": 278636841, "osm_type": "nodes" }, "geometry": { "type": "Point", "coordinates": [ 10.6008925, 45.6326212 ] } },
{ "type": "Feature", "properties": { "name": null, "name:en": null, "amenity": "ferry_terminal", "building": null, "port": null, "operator:type": null, "addr:full": null, "addr:city": null, "source": null, "name:it": null, "osm_id": 2512523310, "osm_type": "nodes" }, "geometry": { "type": "Point", "coordinates": [ 15.2437978, 38.215229 ] } },
{ "type": "Feature", "properties": { "name": "Milazzo", "name:en": null, "amenity": "ferry_terminal", "building": null, "port": null, "operator:type": null, "addr:full": null, "addr:city": null, "source": null, "name:it": null, "osm_id": 1899124256, "osm_type": "nodes" }, "geometry": { "type": "Point", "coordinates": [ 15.2409245, 38.2176283 ] } },
{ "type": "Feature", "properties": { "name": "Maderno", "name:en": null, "amenity": "ferry_terminal", "building": null, "port": null, "operator:type": null, "addr:full": null, "addr:city": "Toscolano Maderno", "source": null, "name:it": null, "osm_id": 1347771750, "osm_type": "nodes" }, "geometry": { "type": "Point", "coordinates": [ 10.599109, 45.6336837 ] } },
{ "type": "Feature", "properties": { "name": "Reggio di Calabria (Liberty Lines)", "name:en": null, "amenity": "ferry_terminal", "building": null, "port": null, "operator:type": null, "addr:full": null, "addr:city": null, "source": null, "name:it": null, "osm_id": 2012143776, "osm_type": "nodes" }, "geometry": { "type": "Point", "coordinates": [ 15.6488424, 38.1216519 ] } },
{ "type": "Feature", "properties": { "name": "Messina (Blu Jet)", "name:en": null, "amenity": "ferry_terminal", "building": null, "port": null, "operator:type": null, "addr:full": null, "addr:city": null, "source": null, "name:it": null, "osm_id": 2012143789, "osm_type": "nodes" }, "geometry": { "type": "Point", "coordinates": [ 15.5611398, 38.1881464 ] } },
{ "type": "Feature", "properties": { "name": "Messina (Liberty Lines)", "name:en": null, "amenity": "ferry_terminal", "building": null, "port": null, "operator:type": null, "addr:full": null, "addr:city": null, "source": null, "name:it": null, "osm_id": 3635807449, "osm_type": "nodes" }, "geometry": { "type": "Point", "coordinates": [ 15.5617234, 38.1884086 ] } },
{ "type": "Feature", "properties": { "name": "X-River Lignano", "name:en": null, "amenity": "ferry_terminal", "building": null, "port": null, "operator:type": null, "addr:full": null, "addr:city": null, "source": null, "name:it": null, "osm_id": 5633041524, "osm_type": "nodes" }, "geometry": { "type": "Point", "coordinates": [ 13.095113, 45.6484781 ] } },
{ "type": "Feature", "properties": { "name": "Toremar", "name:en": null, "amenity": "ferry_terminal", "building": null, "port": null, "operator:type": null, "addr:full": null, "addr:city": null, "source": null, "name:it": null, "osm_id": 317746463, "osm_type": "nodes" }, "geometry": { "type": "Point", "coordinates": [ 10.3018479, 43.5488461 ] } },
{ "type": "Feature", "properties": { "name": null, "name:en": null, "amenity": "ferry_terminal", "building": null, "port": null, "operator:type": null, "addr:full": null, "addr:city": null, "source": null, "name:it": null, "osm_id": 1779132441, "osm_type": "nodes" }, "geometry": { "type": "Point", "coordinates": [ 8.1739617, 44.0044232 ] } },
{ "type": "Feature", "properties": { "name": "Ustica (Cala S. Maria)", "name:en": null, "amenity": "ferry_terminal", "building": null, "port": null, "operator:type": null, "addr:full": null, "addr:city": null, "source": null, "name:it": null, "osm_id": 12159741192, "osm_type": "nodes" }, "geometry": { "type": "Point", "coordinates": [ 13.1955817, 38.7071643 ] } },
{ "type": "Feature", "properties": { "name": "Ustica (Cala Cimitero)", "name:en": null, "amenity": "ferry_terminal", "building": null, "port": null, "operator:type": null, "addr:full": null, "addr:city": null, "source": null, "name:it": null, "osm_id": 677217988, "osm_type": "nodes" }, "geometry": { "type": "Point", "coordinates": [ 13.1875042, 38.7172884 ] } },
{ "type": "Feature", "properties": { "name": "Ustica (Liberty Lines)", "name:en": null, "amenity": "ferry_terminal", "building": null, "port": null, "operator:type": null, "addr:full": null, "addr:city": null, "source": null, "name:it": null, "osm_id": 2914625398, "osm_type": "nodes" }, "geometry": { "type": "Point", "coordinates": [ 13.1960805, 38.7080177 ] } },
{ "type": "Feature", "properties": { "name": "Palermo (Siremar)", "name:en": null, "amenity": "ferry_terminal", "building": null, "port": null, "operator:type": null, "addr:full": null, "addr:city": null, "source": null, "name:it": null, "osm_id": 12159764512, "osm_type": "nodes" }, "geometry": { "type": "Point", "coordinates": [ 13.3645818, 38.126475 ] } },
{ "type": "Feature", "properties": { "name": "Calasetta", "name:en": null, "amenity": "ferry_terminal", "building": null, "port": null, "operator:type": null, "addr:full": null, "addr:city": null, "source": null, "name:it": null, "osm_id": 600514587, "osm_type": "nodes" }, "geometry": { "type": "Point", "coordinates": [ 8.3731876, 39.1122648 ] } },
{ "type": "Feature", "properties": { "name": "Porto Torres - Genova", "name:en": null, "amenity": "ferry_terminal", "building": null, "port": null, "operator:type": null, "addr:full": null, "addr:city": null, "source": null, "name:it": null, "osm_id": 4690528956, "osm_type": "nodes" }, "geometry": { "type": "Point", "coordinates": [ 8.3770757, 40.8388689 ] } },
{ "type": "Feature", "properties": { "name": null, "name:en": null, "amenity": "ferry_terminal", "building": null, "port": null, "operator:type": null, "addr:full": null, "addr:city": null, "source": null, "name:it": null, "osm_id": 5361984554, "osm_type": "nodes" }, "geometry": { "type": "Point", "coordinates": [ 14.2403707, 40.5560426 ] } },
{ "type": "Feature", "properties": { "name": "Chioggia", "name:en": null, "amenity": "ferry_terminal", "building": null, "port": null, "operator:type": null, "addr:full": null, "addr:city": null, "source": null, "name:it": null, "osm_id": 3586755915, "osm_type": "nodes" }, "geometry": { "type": "Point", "coordinates": [ 12.2806901, 45.2236937 ] } },
{ "type": "Feature", "properties": { "name": null, "name:en": null, "amenity": "ferry_terminal", "building": null, "port": null, "operator:type": null, "addr:full": null, "addr:city": null, "source": null, "name:it": null, "osm_id": 229592350, "osm_type": "nodes" }, "geometry": { "type": "Point", "coordinates": [ 9.1747915, 44.3157315 ] } },
{ "type": "Feature", "properties": { "name": null, "name:en": null, "amenity": "ferry_terminal", "building": null, "port": null, "operator:type": null, "addr:full": null, "addr:city": null, "source": null, "name:it": null, "osm_id": 1883184247, "osm_type": "nodes" }, "geometry": { "type": "Point", "coordinates": [ 9.1747024, 44.3155358 ] } },
{ "type": "Feature", "properties": { "name": "Valmadrera", "name:en": null, "amenity": "ferry_terminal", "building": null, "port": null, "operator:type": null, "addr:full": null, "addr:city": null, "source": null, "name:it": null, "osm_id": 6596845481, "osm_type": "nodes" }, "geometry": { "type": "Point", "coordinates": [ 9.3683168, 45.8587568 ] } },
{ "type": "Feature", "properties": { "name": "Porto di Castellammare di Stabia", "name:en": null, "amenity": "ferry_terminal", "building": null, "port": null, "operator:type": null, "addr:full": null, "addr:city": "Castellammare di Stabia", "source": null, "name:it": null, "osm_id": 1632653524, "osm_type": "nodes" }, "geometry": { "type": "Point", "coordinates": [ 14.4758867, 40.6928996 ] } },
{ "type": "Feature", "properties": { "name": null, "name:en": null, "amenity": "ferry_terminal", "building": null, "port": null, "operator:type": null, "addr:full": null, "addr:city": null, "source": null, "name:it": null, "osm_id": 2914501265, "osm_type": "nodes" }, "geometry": { "type": "Point", "coordinates": [ 12.5109117, 38.0132192 ] } },
{ "type": "Feature", "properties": { "name": "Caronte & Tourists", "name:en": null, "amenity": "ferry_terminal", "building": null, "port": null, "operator:type": null, "addr:full": null, "addr:city": null, "source": null, "name:it": null, "osm_id": 2010288033, "osm_type": "nodes" }, "geometry": { "type": "Point", "coordinates": [ 15.523234, 38.1312873 ] } },
{ "type": "Feature", "properties": { "name": "Sacca Fisola \"A\"", "name:en": null, "amenity": "ferry_terminal", "building": null, "port": null, "operator:type": null, "addr:full": null, "addr:city": null, "source": null, "name:it": null, "osm_id": 2683630315, "osm_type": "nodes" }, "geometry": { "type": "Point", "coordinates": [ 12.3156306, 45.4290125 ] } },
{ "type": "Feature", "properties": { "name": "Redentore", "name:en": null, "amenity": "ferry_terminal", "building": null, "port": null, "operator:type": null, "addr:full": null, "addr:city": null, "source": null, "name:it": null, "osm_id": 3269244007, "osm_type": "nodes" }, "geometry": { "type": "Point", "coordinates": [ 12.3320206, 45.4255856 ] } },
{ "type": "Feature", "properties": { "name": "Zattere \"A\"", "name:en": null, "amenity": "ferry_terminal", "building": null, "port": null, "operator:type": null, "addr:full": null, "addr:city": null, "source": null, "name:it": null, "osm_id": 1997205830, "osm_type": "nodes" }, "geometry": { "type": "Point", "coordinates": [ 12.3267916, 45.4291285 ] } },
{ "type": "Feature", "properties": { "name": "San Zaccaria (Jolanda) \"D\"", "name:en": "San Zaccaria - Jolanda D", "amenity": "ferry_terminal", "building": null, "port": null, "operator:type": null, "addr:full": null, "addr:city": null, "source": null, "name:it": "San Zaccaria (Jolanda) \"D\"", "osm_id": 2714417413, "osm_type": "nodes" }, "geometry": { "type": "Point", "coordinates": [ 12.3427995, 45.4334403 ] } },
{ "type": "Feature", "properties": { "name": "Vigna di Valle", "name:en": null, "amenity": "ferry_terminal", "building": null, "port": null, "operator:type": null, "addr:full": null, "addr:city": null, "source": null, "name:it": null, "osm_id": 1868451973, "osm_type": "nodes" }, "geometry": { "type": "Point", "coordinates": [ 12.2204227, 42.0852325 ] } },
{ "type": "Feature", "properties": { "name": "Savona", "name:en": null, "amenity": "ferry_terminal", "building": null, "port": null, "operator:type": null, "addr:full": null, "addr:city": null, "source": null, "name:it": null, "osm_id": 1700130161, "osm_type": "nodes" }, "geometry": { "type": "Point", "coordinates": [ 8.4461666, 44.2645062 ] } },
{ "type": "Feature", "properties": { "name": "Caprino", "name:en": null, "amenity": "ferry_terminal", "building": null, "port": null, "operator:type": null, "addr:full": null, "addr:city": null, "source": null, "name:it": null, "osm_id": 3756014513, "osm_type": "nodes" }, "geometry": { "type": "Point", "coordinates": [ 8.9845465, 45.9875843 ] } },
{ "type": "Feature", "properties": { "name": "Stintino-Asinara", "name:en": null, "amenity": "ferry_terminal", "building": null, "port": null, "operator:type": null, "addr:full": null, "addr:city": "Fornelli - Asinara", "source": null, "name:it": null, "osm_id": 951561604, "osm_type": "nodes" }, "geometry": { "type": "Point", "coordinates": [ 8.2386594, 40.9863815 ] } },
{ "type": "Feature", "properties": { "name": null, "name:en": null, "amenity": "ferry_terminal", "building": null, "port": null, "operator:type": null, "addr:full": null, "addr:city": null, "source": null, "name:it": null, "osm_id": 1334412501, "osm_type": "nodes" }, "geometry": { "type": "Point", "coordinates": [ 8.2938836, 41.0608281 ] } },
{ "type": "Feature", "properties": { "name": "Stintino-Asinara", "name:en": null, "amenity": "ferry_terminal", "building": null, "port": null, "operator:type": null, "addr:full": null, "addr:city": "Stintino", "source": null, "name:it": null, "osm_id": 4361406895, "osm_type": "nodes" }, "geometry": { "type": "Point", "coordinates": [ 8.2336689, 40.9382815 ] } },
{ "type": "Feature", "properties": { "name": null, "name:en": null, "amenity": "ferry_terminal", "building": null, "port": null, "operator:type": null, "addr:full": null, "addr:city": null, "source": null, "name:it": null, "osm_id": 798695023, "osm_type": "nodes" }, "geometry": { "type": "Point", "coordinates": [ 9.707474, 39.9398065 ] } },
{ "type": "Feature", "properties": { "name": "Lido Santa Maria Elisabetta \"D\"", "name:en": null, "amenity": "ferry_terminal", "building": null, "port": null, "operator:type": null, "addr:full": null, "addr:city": null, "source": null, "name:it": null, "osm_id": 262937854, "osm_type": "nodes" }, "geometry": { "type": "Point", "coordinates": [ 12.3677075, 45.4174928 ] } },
{ "type": "Feature", "properties": { "name": "Lido Santa Maria Elisabetta \"C\"", "name:en": null, "amenity": "ferry_terminal", "building": null, "port": null, "operator:type": null, "addr:full": null, "addr:city": null, "source": null, "name:it": null, "osm_id": 2725912745, "osm_type": "nodes" }, "geometry": { "type": "Point", "coordinates": [ 12.3682112, 45.4176987 ] } },
{ "type": "Feature", "properties": { "name": "Lido Santa Maria Elisabetta \"E\"", "name:en": null, "amenity": "ferry_terminal", "building": null, "port": null, "operator:type": null, "addr:full": null, "addr:city": null, "source": null, "name:it": null, "osm_id": 4212293011, "osm_type": "nodes" }, "geometry": { "type": "Point", "coordinates": [ 12.367511, 45.4173721 ] } },
{ "type": "Feature", "properties": { "name": "Lido Santa Maria Elisabetta \"B\"", "name:en": null, "amenity": "ferry_terminal", "building": null, "port": null, "operator:type": null, "addr:full": null, "addr:city": null, "source": null, "name:it": null, "osm_id": 4212293012, "osm_type": "nodes" }, "geometry": { "type": "Point", "coordinates": [ 12.3686961, 45.417998 ] } },
{ "type": "Feature", "properties": { "name": "Lido Santa Maria Elisabetta \"A\"", "name:en": null, "amenity": "ferry_terminal", "building": null, "port": null, "operator:type": null, "addr:full": null, "addr:city": null, "source": null, "name:it": null, "osm_id": 4212293013, "osm_type": "nodes" }, "geometry": { "type": "Point", "coordinates": [ 12.3689512, 45.4181584 ] } },
{ "type": "Feature", "properties": { "name": "FerryTerminal Mole 7", "name:en": null, "amenity": "ferry_terminal", "building": null, "port": null, "operator:type": null, "addr:full": null, "addr:city": null, "source": null, "name:it": null, "osm_id": 441213556, "osm_type": "nodes" }, "geometry": { "type": "Point", "coordinates": [ 10.3251441, 42.8139859 ] } },
{ "type": "Feature", "properties": { "name": "Pier 8", "name:en": null, "amenity": "ferry_terminal", "building": null, "port": null, "operator:type": null, "addr:full": null, "addr:city": null, "source": null, "name:it": null, "osm_id": 10072475979, "osm_type": "nodes" }, "geometry": { "type": "Point", "coordinates": [ 14.2549517, 40.8376504 ] } },
{ "type": "Feature", "properties": { "name": "Pier 9", "name:en": null, "amenity": "ferry_terminal", "building": null, "port": null, "operator:type": null, "addr:full": null, "addr:city": null, "source": null, "name:it": null, "osm_id": 10072475980, "osm_type": "nodes" }, "geometry": { "type": "Point", "coordinates": [ 14.2550166, 40.8377482 ] } },
{ "type": "Feature", "properties": { "name": "Pier 6", "name:en": null, "amenity": "ferry_terminal", "building": null, "port": null, "operator:type": null, "addr:full": null, "addr:city": null, "source": null, "name:it": null, "osm_id": 10072475981, "osm_type": "nodes" }, "geometry": { "type": "Point", "coordinates": [ 14.2548181, 40.8374525 ] } },
{ "type": "Feature", "properties": { "name": "Molo Mergelina", "name:en": null, "amenity": "ferry_terminal", "building": null, "port": null, "operator:type": null, "addr:full": null, "addr:city": null, "source": null, "name:it": null, "osm_id": 2213494370, "osm_type": "nodes" }, "geometry": { "type": "Point", "coordinates": [ 14.2227156, 40.828849 ] } },
{ "type": "Feature", "properties": { "name": null, "name:en": null, "amenity": "ferry_terminal", "building": null, "port": null, "operator:type": null, "addr:full": null, "addr:city": "Napoli", "source": null, "name:it": null, "osm_id": 2213494363, "osm_type": "nodes" }, "geometry": { "type": "Point", "coordinates": [ 14.2223602, 40.8274361 ] } },
{ "type": "Feature", "properties": { "name": null, "name:en": null, "amenity": "ferry_terminal", "building": null, "port": null, "operator:type": null, "addr:full": null, "addr:city": null, "source": null, "name:it": null, "osm_id": 11192965077, "osm_type": "nodes" }, "geometry": { "type": "Point", "coordinates": [ 14.2621143, 40.8404979 ] } },
{ "type": "Feature", "properties": { "name": null, "name:en": null, "amenity": "ferry_terminal", "building": null, "port": null, "operator:type": null, "addr:full": null, "addr:city": null, "source": null, "name:it": null, "osm_id": 930707124, "osm_type": "nodes" }, "geometry": { "type": "Point", "coordinates": [ 9.8382088, 43.0520588 ] } },
{ "type": "Feature", "properties": { "name": "Aquavision", "name:en": null, "amenity": "ferry_terminal", "building": null, "port": null, "operator:type": null, "addr:full": null, "addr:city": null, "source": null, "name:it": null, "osm_id": 10054137552, "osm_type": "nodes" }, "geometry": { "type": "Point", "coordinates": [ 10.2392803, 42.7431119 ] } },
{ "type": "Feature", "properties": { "name": null, "name:en": null, "amenity": "ferry_terminal", "building": null, "port": null, "operator:type": null, "addr:full": null, "addr:city": null, "source": null, "name:it": null, "osm_id": 845791072, "osm_type": "nodes" }, "geometry": { "type": "Point", "coordinates": [ 15.0905606, 37.499847 ] } },
{ "type": "Feature", "properties": { "name": "Imbarco No. 1", "name:en": null, "amenity": "ferry_terminal", "building": null, "port": null, "operator:type": null, "addr:full": null, "addr:city": null, "source": null, "name:it": null, "osm_id": 1584101030, "osm_type": "nodes" }, "geometry": { "type": "Point", "coordinates": [ 8.3927665, 40.8412761 ] } },
{ "type": "Feature", "properties": { "name": null, "name:en": null, "amenity": "ferry_terminal", "building": null, "port": null, "operator:type": null, "addr:full": null, "addr:city": null, "source": null, "name:it": null, "osm_id": 5148133370, "osm_type": "nodes" }, "geometry": { "type": "Point", "coordinates": [ 8.39929, 40.8389912 ] } },
{ "type": "Feature", "properties": { "name": null, "name:en": null, "amenity": "ferry_terminal", "building": null, "port": null, "operator:type": null, "addr:full": null, "addr:city": null, "source": null, "name:it": null, "osm_id": 1772952848, "osm_type": "nodes" }, "geometry": { "type": "Point", "coordinates": [ 8.3781441, 40.841565 ] } },
{ "type": "Feature", "properties": { "name": "Imbarco No. 2", "name:en": null, "amenity": "ferry_terminal", "building": null, "port": null, "operator:type": null, "addr:full": null, "addr:city": null, "source": null, "name:it": null, "osm_id": 3533604065, "osm_type": "nodes" }, "geometry": { "type": "Point", "coordinates": [ 8.3928289, 40.8435644 ] } },
{ "type": "Feature", "properties": { "name": "Santa Marina Salina", "name:en": null, "amenity": "ferry_terminal", "building": null, "port": null, "operator:type": null, "addr:full": null, "addr:city": null, "source": null, "name:it": null, "osm_id": 1964965424, "osm_type": "nodes" }, "geometry": { "type": "Point", "coordinates": [ 14.8720144, 38.5576178 ] } },
{ "type": "Feature", "properties": { "name": null, "name:en": null, "amenity": "ferry_terminal", "building": null, "port": null, "operator:type": null, "addr:full": null, "addr:city": null, "source": null, "name:it": null, "osm_id": 1364121721, "osm_type": "nodes" }, "geometry": { "type": "Point", "coordinates": [ 15.902185, 38.680128 ] } },
{ "type": "Feature", "properties": { "name": "Lipari", "name:en": null, "amenity": "ferry_terminal", "building": null, "port": null, "operator:type": null, "addr:full": null, "addr:city": null, "source": null, "name:it": null, "osm_id": 687446910, "osm_type": "nodes" }, "geometry": { "type": "Point", "coordinates": [ 14.9556925, 38.4713837 ] } },
{ "type": "Feature", "properties": { "name": "Meridiano Lines", "name:en": null, "amenity": "ferry_terminal", "building": null, "port": null, "operator:type": null, "addr:full": null, "addr:city": null, "source": null, "name:it": null, "osm_id": 1753698247, "osm_type": "nodes" }, "geometry": { "type": "Point", "coordinates": [ 15.5234841, 38.1319596 ] } },
{ "type": "Feature", "properties": { "name": "Molo Norimberga", "name:en": null, "amenity": "ferry_terminal", "building": null, "port": null, "operator:type": null, "addr:full": null, "addr:city": null, "source": null, "name:it": null, "osm_id": 2012177911, "osm_type": "nodes" }, "geometry": { "type": "Point", "coordinates": [ 15.5667383, 38.1907602 ] } },
{ "type": "Feature", "properties": { "name": null, "name:en": null, "amenity": "ferry_terminal", "building": null, "port": null, "operator:type": null, "addr:full": null, "addr:city": null, "source": null, "name:it": null, "osm_id": 746505793, "osm_type": "nodes" }, "geometry": { "type": "Point", "coordinates": [ 15.5634403, 38.1879927 ] } },
{ "type": "Feature", "properties": { "name": null, "name:en": null, "amenity": "ferry_terminal", "building": null, "port": null, "operator:type": null, "addr:full": null, "addr:city": null, "source": null, "name:it": null, "osm_id": 1977634007, "osm_type": "nodes" }, "geometry": { "type": "Point", "coordinates": [ 15.5627622, 38.1881753 ] } },
{ "type": "Feature", "properties": { "name": "Ginostra", "name:en": null, "amenity": "ferry_terminal", "building": null, "port": null, "operator:type": null, "addr:full": null, "addr:city": null, "source": null, "name:it": null, "osm_id": 87973560, "osm_type": "nodes" }, "geometry": { "type": "Point", "coordinates": [ 15.1892973, 38.7853721 ] } },
{ "type": "Feature", "properties": { "name": null, "name:en": null, "amenity": "ferry_terminal", "building": null, "port": null, "operator:type": null, "addr:full": null, "addr:city": null, "source": null, "name:it": null, "osm_id": 4290977245, "osm_type": "nodes" }, "geometry": { "type": "Point", "coordinates": [ 14.3769764, 40.6306012 ] } },
{ "type": "Feature", "properties": { "name": "Comignolo", "name:en": null, "amenity": "ferry_terminal", "building": null, "port": null, "operator:type": null, "addr:full": null, "addr:city": null, "source": null, "name:it": null, "osm_id": 7373038339, "osm_type": "nodes" }, "geometry": { "type": "Point", "coordinates": [ 11.8398884, 43.8489275 ] } },
{ "type": "Feature", "properties": { "name": "Imbarco La Maddalena", "name:en": null, "amenity": "ferry_terminal", "building": null, "port": null, "operator:type": null, "addr:full": null, "addr:city": null, "source": null, "name:it": null, "osm_id": 1827333698, "osm_type": "nodes" }, "geometry": { "type": "Point", "coordinates": [ 9.3856504, 41.1814806 ] } },
{ "type": "Feature", "properties": { "name": "Battello", "name:en": null, "amenity": "ferry_terminal", "building": null, "port": null, "operator:type": null, "addr:full": null, "addr:city": null, "source": null, "name:it": null, "osm_id": 1813536897, "osm_type": "nodes" }, "geometry": { "type": "Point", "coordinates": [ 15.1087073, 40.3178572 ] } },
{ "type": "Feature", "properties": { "name": "Escursioni in Battello", "name:en": null, "amenity": "ferry_terminal", "building": null, "port": null, "operator:type": null, "addr:full": null, "addr:city": null, "source": null, "name:it": null, "osm_id": 1813536896, "osm_type": "nodes" }, "geometry": { "type": "Point", "coordinates": [ 15.1086885, 40.3178601 ] } },
{ "type": "Feature", "properties": { "name": null, "name:en": null, "amenity": "ferry_terminal", "building": null, "port": null, "operator:type": null, "addr:full": null, "addr:city": null, "source": null, "name:it": null, "osm_id": 1186806214, "osm_type": "nodes" }, "geometry": { "type": "Point", "coordinates": [ 14.9824626, 40.354209 ] } },
{ "type": "Feature", "properties": { "name": null, "name:en": null, "amenity": "ferry_terminal", "building": null, "port": null, "operator:type": null, "addr:full": null, "addr:city": null, "source": null, "name:it": null, "osm_id": 1186806350, "osm_type": "nodes" }, "geometry": { "type": "Point", "coordinates": [ 14.9345698, 40.2708153 ] } },
{ "type": "Feature", "properties": { "name": null, "name:en": null, "amenity": "ferry_terminal", "building": null, "port": null, "operator:type": null, "addr:full": null, "addr:city": null, "source": null, "name:it": null, "osm_id": 1387352616, "osm_type": "nodes" }, "geometry": { "type": "Point", "coordinates": [ 15.1179929, 40.1729944 ] } },
{ "type": "Feature", "properties": { "name": null, "name:en": null, "amenity": "ferry_terminal", "building": null, "port": null, "operator:type": null, "addr:full": null, "addr:city": null, "source": null, "name:it": null, "osm_id": 11259342779, "osm_type": "nodes" }, "geometry": { "type": "Point", "coordinates": [ 14.3612382, 38.5337507 ] } },
{ "type": "Feature", "properties": { "name": "Palinuro", "name:en": null, "amenity": "ferry_terminal", "building": null, "port": null, "operator:type": null, "addr:full": null, "addr:city": null, "source": null, "name:it": null, "osm_id": 1186806704, "osm_type": "nodes" }, "geometry": { "type": "Point", "coordinates": [ 15.2765532, 40.0320794 ] } },
{ "type": "Feature", "properties": { "name": "Anguillara Sabazia", "name:en": null, "amenity": "ferry_terminal", "building": null, "port": null, "operator:type": null, "addr:full": null, "addr:city": null, "source": null, "name:it": null, "osm_id": 1845160700, "osm_type": "nodes" }, "geometry": { "type": "Point", "coordinates": [ 12.2676718, 42.0929108 ] } },
{ "type": "Feature", "properties": { "name": "Minori", "name:en": null, "amenity": "ferry_terminal", "building": null, "port": null, "operator:type": null, "addr:full": null, "addr:city": "Minori", "source": null, "name:it": null, "osm_id": 1186805660, "osm_type": "nodes" }, "geometry": { "type": "Point", "coordinates": [ 14.6271386, 40.6483497 ] } },
{ "type": "Feature", "properties": { "name": null, "name:en": null, "amenity": "ferry_terminal", "building": null, "port": null, "operator:type": null, "addr:full": null, "addr:city": null, "source": null, "name:it": null, "osm_id": 1728385616, "osm_type": "nodes" }, "geometry": { "type": "Point", "coordinates": [ 14.7414493, 40.6702667 ] } },
{ "type": "Feature", "properties": { "name": "N.L. ADRIATICA - Traghetti per Isole Tremiti", "name:en": null, "amenity": "ferry_terminal", "building": null, "port": null, "operator:type": null, "addr:full": null, "addr:city": null, "source": null, "name:it": null, "osm_id": 6495135745, "osm_type": "nodes" }, "geometry": { "type": "Point", "coordinates": [ 16.0099083, 41.9495173 ] } },
{ "type": "Feature", "properties": { "name": null, "name:en": null, "amenity": "ferry_terminal", "building": null, "port": null, "operator:type": null, "addr:full": null, "addr:city": null, "source": null, "name:it": null, "osm_id": 5134565560, "osm_type": "nodes" }, "geometry": { "type": "Point", "coordinates": [ 18.1701544, 41.223026 ] } },
{ "type": "Feature", "properties": { "name": null, "name:en": null, "amenity": "ferry_terminal", "building": null, "port": null, "operator:type": null, "addr:full": null, "addr:city": null, "source": null, "name:it": null, "osm_id": 2680946864, "osm_type": "nodes" }, "geometry": { "type": "Point", "coordinates": [ 13.3628502, 38.1296931 ] } },
{ "type": "Feature", "properties": { "name": null, "name:en": null, "amenity": "ferry_terminal", "building": null, "port": null, "operator:type": null, "addr:full": null, "addr:city": null, "source": null, "name:it": null, "osm_id": 4345534529, "osm_type": "nodes" }, "geometry": { "type": "Point", "coordinates": [ 15.5019901, 42.1191538 ] } },
{ "type": "Feature", "properties": { "name": null, "name:en": null, "amenity": "ferry_terminal", "building": null, "port": null, "operator:type": null, "addr:full": null, "addr:city": null, "source": null, "name:it": null, "osm_id": 4350033953, "osm_type": "nodes" }, "geometry": { "type": "Point", "coordinates": [ 15.5021711, 42.1190105 ] } },
{ "type": "Feature", "properties": { "name": "Pozzallo", "name:en": null, "amenity": "ferry_terminal", "building": null, "port": null, "operator:type": null, "addr:full": null, "addr:city": null, "source": null, "name:it": null, "osm_id": 2277023328, "osm_type": "nodes" }, "geometry": { "type": "Point", "coordinates": [ 14.8305334, 36.7165146 ] } },
{ "type": "Feature", "properties": { "name": null, "name:en": null, "amenity": "ferry_terminal", "building": null, "port": null, "operator:type": null, "addr:full": null, "addr:city": null, "source": null, "name:it": null, "osm_id": 2711003009, "osm_type": "nodes" }, "geometry": { "type": "Point", "coordinates": [ 14.8301382, 36.7163267 ] } },
{ "type": "Feature", "properties": { "name": "Imbarco Isole Tremiti", "name:en": null, "amenity": "ferry_terminal", "building": null, "port": null, "operator:type": null, "addr:full": null, "addr:city": null, "source": null, "name:it": null, "osm_id": 691189667, "osm_type": "nodes" }, "geometry": { "type": "Point", "coordinates": [ 15.0029581, 42.0049049 ] } },
{ "type": "Feature", "properties": { "name": "Ventotene", "name:en": null, "amenity": "ferry_terminal", "building": null, "port": null, "operator:type": null, "addr:full": null, "addr:city": null, "source": null, "name:it": null, "osm_id": 336246832, "osm_type": "nodes" }, "geometry": { "type": "Point", "coordinates": [ 13.4331349, 40.7990254 ] } },
{ "type": "Feature", "properties": { "name": "Amat Idrovia per Isola di San Pietro", "name:en": null, "amenity": "ferry_terminal", "building": null, "port": null, "operator:type": null, "addr:full": null, "addr:city": "Taranto", "source": null, "name:it": null, "osm_id": 5094913506, "osm_type": "nodes" }, "geometry": { "type": "Point", "coordinates": [ 17.2275104, 40.4805325 ] } },
{ "type": "Feature", "properties": { "name": "Pier 10", "name:en": null, "amenity": "ferry_terminal", "building": null, "port": null, "operator:type": null, "addr:full": null, "addr:city": null, "source": null, "name:it": null, "osm_id": 10072475978, "osm_type": "nodes" }, "geometry": { "type": "Point", "coordinates": [ 14.2552074, 40.8379191 ] } },
{ "type": "Feature", "properties": { "name": "Porta di Massa", "name:en": null, "amenity": "ferry_terminal", "building": null, "port": null, "operator:type": null, "addr:full": null, "addr:city": null, "source": null, "name:it": null, "osm_id": 4822113914, "osm_type": "nodes" }, "geometry": { "type": "Point", "coordinates": [ 14.2610723, 40.8430277 ] } },
{ "type": "Feature", "properties": { "name": null, "name:en": null, "amenity": "ferry_terminal", "building": null, "port": null, "operator:type": null, "addr:full": null, "addr:city": null, "source": null, "name:it": null, "osm_id": 5111366026, "osm_type": "nodes" }, "geometry": { "type": "Point", "coordinates": [ 14.417367, 40.6609779 ] } },
{ "type": "Feature", "properties": { "name": null, "name:en": null, "amenity": "ferry_terminal", "building": null, "port": null, "operator:type": null, "addr:full": null, "addr:city": null, "source": null, "name:it": null, "osm_id": 3711590228, "osm_type": "nodes" }, "geometry": { "type": "Point", "coordinates": [ 14.2420827, 40.5562792 ] } },
{ "type": "Feature", "properties": { "name": "La Maddalena", "name:en": null, "amenity": "ferry_terminal", "building": null, "port": null, "operator:type": null, "addr:full": null, "addr:city": null, "source": null, "name:it": null, "osm_id": 1869280445, "osm_type": "nodes" }, "geometry": { "type": "Point", "coordinates": [ 9.4068881, 41.2120444 ] } },
{ "type": "Feature", "properties": { "name": null, "name:en": null, "amenity": "ferry_terminal", "building": null, "port": null, "operator:type": null, "addr:full": null, "addr:city": null, "source": null, "name:it": null, "osm_id": 3143806999, "osm_type": "nodes" }, "geometry": { "type": "Point", "coordinates": [ 16.8652609, 41.134086 ] } },
{ "type": "Feature", "properties": { "name": null, "name:en": null, "amenity": "ferry_terminal", "building": null, "port": null, "operator:type": null, "addr:full": null, "addr:city": null, "source": null, "name:it": null, "osm_id": 3143807000, "osm_type": "nodes" }, "geometry": { "type": "Point", "coordinates": [ 16.8666547, 41.1333223 ] } },
{ "type": "Feature", "properties": { "name": "Bari", "name:en": null, "amenity": "ferry_terminal", "building": null, "port": null, "operator:type": null, "addr:full": null, "addr:city": null, "source": null, "name:it": null, "osm_id": 308130707, "osm_type": "nodes" }, "geometry": { "type": "Point", "coordinates": [ 16.8609512, 41.1373111 ] } },
{ "type": "Feature", "properties": { "name": null, "name:en": null, "amenity": "ferry_terminal", "building": null, "port": null, "operator:type": null, "addr:full": null, "addr:city": null, "source": null, "name:it": null, "osm_id": 534969123, "osm_type": "nodes" }, "geometry": { "type": "Point", "coordinates": [ 16.8657049, 41.1331529 ] } },
{ "type": "Feature", "properties": { "name": "Formia", "name:en": null, "amenity": "ferry_terminal", "building": null, "port": null, "operator:type": null, "addr:full": null, "addr:city": null, "source": null, "name:it": null, "osm_id": 336248598, "osm_type": "nodes" }, "geometry": { "type": "Point", "coordinates": [ 13.6110295, 41.2561312 ] } },
{ "type": "Feature", "properties": { "name": "Levanzo", "name:en": null, "amenity": "ferry_terminal", "building": null, "port": null, "operator:type": null, "addr:full": null, "addr:city": null, "source": null, "name:it": null, "osm_id": 688792195, "osm_type": "nodes" }, "geometry": { "type": "Point", "coordinates": [ 12.3419503, 37.9865403 ] } },
{ "type": "Feature", "properties": { "name": "Marettimo", "name:en": null, "amenity": "ferry_terminal", "building": null, "port": null, "operator:type": null, "addr:full": null, "addr:city": null, "source": null, "name:it": null, "osm_id": 2089085708, "osm_type": "nodes" }, "geometry": { "type": "Point", "coordinates": [ 12.0761202, 37.9663306 ] } },
{ "type": "Feature", "properties": { "name": null, "name:en": null, "amenity": "ferry_terminal", "building": null, "port": null, "operator:type": null, "addr:full": null, "addr:city": null, "source": null, "name:it": null, "osm_id": 1222902680, "osm_type": "nodes" }, "geometry": { "type": "Point", "coordinates": [ 12.5113954, 38.0131864 ] } },
{ "type": "Feature", "properties": { "name": null, "name:en": null, "amenity": "ferry_terminal", "building": null, "port": null, "operator:type": null, "addr:full": null, "addr:city": null, "source": null, "name:it": null, "osm_id": 1332553139, "osm_type": "nodes" }, "geometry": { "type": "Point", "coordinates": [ 12.5118626, 38.0131608 ] } },
{ "type": "Feature", "properties": { "name": null, "name:en": null, "amenity": "ferry_terminal", "building": null, "port": null, "operator:type": null, "addr:full": null, "addr:city": null, "source": null, "name:it": null, "osm_id": 677389661, "osm_type": "nodes" }, "geometry": { "type": "Point", "coordinates": [ 12.5103035, 38.0099089 ] } },
{ "type": "Feature", "properties": { "name": null, "name:en": null, "amenity": "ferry_terminal", "building": null, "port": null, "operator:type": null, "addr:full": null, "addr:city": null, "source": null, "name:it": null, "osm_id": 1918609903, "osm_type": "nodes" }, "geometry": { "type": "Point", "coordinates": [ 18.4940336, 40.1495725 ] } },
{ "type": "Feature", "properties": { "name": null, "name:en": null, "amenity": "ferry_terminal", "building": null, "port": null, "operator:type": null, "addr:full": null, "addr:city": null, "source": null, "name:it": null, "osm_id": 2087027386, "osm_type": "nodes" }, "geometry": { "type": "Point", "coordinates": [ 12.5861321, 37.6544617 ] } },
{ "type": "Feature", "properties": { "name": null, "name:en": null, "amenity": "ferry_terminal", "building": null, "port": null, "operator:type": null, "addr:full": null, "addr:city": null, "source": null, "name:it": null, "osm_id": 2087027387, "osm_type": "nodes" }, "geometry": { "type": "Point", "coordinates": [ 12.5864451, 37.6546998 ] } },
{ "type": "Feature", "properties": { "name": "Mazara d. V.", "name:en": null, "amenity": "ferry_terminal", "building": null, "port": null, "operator:type": null, "addr:full": null, "addr:city": null, "source": null, "name:it": null, "osm_id": 1130830996, "osm_type": "nodes" }, "geometry": { "type": "Point", "coordinates": [ 12.5793994, 37.6474721 ] } },
{ "type": "Feature", "properties": { "name": null, "name:en": null, "amenity": "ferry_terminal", "building": null, "port": null, "operator:type": null, "addr:full": null, "addr:city": null, "source": null, "name:it": null, "osm_id": 11037368209, "osm_type": "nodes" }, "geometry": { "type": "Point", "coordinates": [ 14.3771887, 40.63073 ] } },
{ "type": "Feature", "properties": { "name": null, "name:en": null, "amenity": "ferry_terminal", "building": null, "port": null, "operator:type": null, "addr:full": null, "addr:city": null, "source": null, "name:it": null, "osm_id": 3499831903, "osm_type": "nodes" }, "geometry": { "type": "Point", "coordinates": [ 12.8615242, 40.9280307 ] } },
{ "type": "Feature", "properties": { "name": "approdo", "name:en": null, "amenity": "ferry_terminal", "building": null, "port": null, "operator:type": null, "addr:full": null, "addr:city": null, "source": "gps", "name:it": null, "osm_id": 3501594074, "osm_type": "nodes" }, "geometry": { "type": "Point", "coordinates": [ 13.0487186, 40.9654443 ] } },
{ "type": "Feature", "properties": { "name": "1", "name:en": null, "amenity": "ferry_terminal", "building": null, "port": null, "operator:type": null, "addr:full": null, "addr:city": null, "source": null, "name:it": null, "osm_id": 5292425108, "osm_type": "nodes" }, "geometry": { "type": "Point", "coordinates": [ 13.9393841, 40.7441355 ] } },
{ "type": "Feature", "properties": { "name": "Banchina Montenegro", "name:en": null, "amenity": "ferry_terminal", "building": null, "port": null, "operator:type": null, "addr:full": null, "addr:city": null, "source": "survey", "name:it": null, "osm_id": 6048385927, "osm_type": "nodes" }, "geometry": { "type": "Point", "coordinates": [ 17.9444398, 40.6424942 ] } },
{ "type": "Feature", "properties": { "name": "Banchina Stazione Marittima", "name:en": null, "amenity": "ferry_terminal", "building": null, "port": null, "operator:type": null, "addr:full": null, "addr:city": null, "source": null, "name:it": null, "osm_id": 6355022508, "osm_type": "nodes" }, "geometry": { "type": "Point", "coordinates": [ 17.9484275, 40.640328 ] } },
{ "type": "Feature", "properties": { "name": null, "name:en": null, "amenity": "ferry_terminal", "building": null, "port": null, "operator:type": null, "addr:full": null, "addr:city": null, "source": null, "name:it": null, "osm_id": 5170078697, "osm_type": "nodes" }, "geometry": { "type": "Point", "coordinates": [ 14.5674826, 40.6147639 ] } },
{ "type": "Feature", "properties": { "name": "Banchina Villaggio Pescatori", "name:en": null, "amenity": "ferry_terminal", "building": null, "port": null, "operator:type": null, "addr:full": null, "addr:city": null, "source": null, "name:it": null, "osm_id": 4709580531, "osm_type": "nodes" }, "geometry": { "type": "Point", "coordinates": [ 17.9417242, 40.643685 ] } },
{ "type": "Feature", "properties": { "name": null, "name:en": null, "amenity": "ferry_terminal", "building": null, "port": null, "operator:type": null, "addr:full": null, "addr:city": null, "source": null, "name:it": null, "osm_id": 6631787853, "osm_type": "nodes" }, "geometry": { "type": "Point", "coordinates": [ 17.9628549, 40.6472855 ] } },
{ "type": "Feature", "properties": { "name": null, "name:en": null, "amenity": "ferry_terminal", "building": null, "port": null, "operator:type": null, "addr:full": null, "addr:city": null, "source": null, "name:it": null, "osm_id": 6631787855, "osm_type": "nodes" }, "geometry": { "type": "Point", "coordinates": [ 17.9615605, 40.6470188 ] } },
{ "type": "Feature", "properties": { "name": "Brindisi - Vlorë", "name:en": "Brindisi - Vlorë", "amenity": "ferry_terminal", "building": null, "port": null, "operator:type": null, "addr:full": null, "addr:city": null, "source": null, "name:it": "Brindisi - Valona", "osm_id": 1920530613, "osm_type": "nodes" }, "geometry": { "type": "Point", "coordinates": [ 17.9500867, 40.6358549 ] } },
{ "type": "Feature", "properties": { "name": "Porto Empedocle", "name:en": null, "amenity": "ferry_terminal", "building": null, "port": null, "operator:type": null, "addr:full": null, "addr:city": null, "source": null, "name:it": null, "osm_id": 5673173653, "osm_type": "nodes" }, "geometry": { "type": "Point", "coordinates": [ 13.5297994, 37.2875438 ] } },
{ "type": "Feature", "properties": { "name": null, "name:en": null, "amenity": "ferry_terminal", "building": null, "port": null, "operator:type": null, "addr:full": null, "addr:city": null, "source": null, "name:it": null, "osm_id": 3419926553, "osm_type": "nodes" }, "geometry": { "type": "Point", "coordinates": [ 8.3888414, 45.8011331 ] } },
{ "type": "Feature", "properties": { "name": "Palau", "name:en": null, "amenity": "ferry_terminal", "building": null, "port": null, "operator:type": null, "addr:full": null, "addr:city": null, "source": null, "name:it": null, "osm_id": 2016698623, "osm_type": "nodes" }, "geometry": { "type": "Point", "coordinates": [ 9.386107, 41.1822163 ] } },
{ "type": "Feature", "properties": { "name": null, "name:en": null, "amenity": "ferry_terminal", "building": null, "port": null, "operator:type": null, "addr:full": null, "addr:city": null, "source": null, "name:it": null, "osm_id": 1223363269, "osm_type": "nodes" }, "geometry": { "type": "Point", "coordinates": [ 17.9593394, 40.645634 ] } },
{ "type": "Feature", "properties": { "name": null, "name:en": null, "amenity": "ferry_terminal", "building": null, "port": null, "operator:type": null, "addr:full": null, "addr:city": null, "source": null, "name:it": null, "osm_id": 259742253, "osm_type": "nodes" }, "geometry": { "type": "Point", "coordinates": [ 10.9208695, 42.3599202 ] } },
{ "type": "Feature", "properties": { "name": "Navigazione Lago D'Idro", "name:en": null, "amenity": "ferry_terminal", "building": null, "port": null, "operator:type": null, "addr:full": null, "addr:city": null, "source": null, "name:it": null, "osm_id": 5420494046, "osm_type": "nodes" }, "geometry": { "type": "Point", "coordinates": [ 10.4939239, 45.7525632 ] } },
{ "type": "Feature", "properties": { "name": "Trevignano Romano", "name:en": null, "amenity": "ferry_terminal", "building": null, "port": null, "operator:type": null, "addr:full": null, "addr:city": null, "source": null, "name:it": null, "osm_id": 1868440442, "osm_type": "nodes" }, "geometry": { "type": "Point", "coordinates": [ 12.2447758, 42.1552022 ] } },
{ "type": "Feature", "properties": { "name": null, "name:en": null, "amenity": "ferry_terminal", "building": null, "port": null, "operator:type": null, "addr:full": null, "addr:city": null, "source": null, "name:it": null, "osm_id": 1463204372, "osm_type": "nodes" }, "geometry": { "type": "Point", "coordinates": [ 15.6330338, 38.2227567 ] } },
{ "type": "Feature", "properties": { "name": "Terminal Aliscafi", "name:en": null, "amenity": "ferry_terminal", "building": null, "port": null, "operator:type": null, "addr:full": null, "addr:city": null, "source": null, "name:it": null, "osm_id": 6592813219, "osm_type": "nodes" }, "geometry": { "type": "Point", "coordinates": [ 13.9390576, 40.7439474 ] } },
{ "type": "Feature", "properties": { "name": "Bracciano", "name:en": null, "amenity": "ferry_terminal", "building": null, "port": null, "operator:type": null, "addr:full": null, "addr:city": null, "source": null, "name:it": null, "osm_id": 911788725, "osm_type": "nodes" }, "geometry": { "type": "Point", "coordinates": [ 12.1854552, 42.1086088 ] } },
{ "type": "Feature", "properties": { "name": null, "name:en": null, "amenity": "ferry_terminal", "building": null, "port": null, "operator:type": null, "addr:full": null, "addr:city": null, "source": null, "name:it": null, "osm_id": 1860711432, "osm_type": "nodes" }, "geometry": { "type": "Point", "coordinates": [ 11.784208, 42.0959499 ] } },
{ "type": "Feature", "properties": { "name": null, "name:en": null, "amenity": "ferry_terminal", "building": null, "port": null, "operator:type": null, "addr:full": null, "addr:city": null, "source": null, "name:it": null, "osm_id": 315882387, "osm_type": "nodes" }, "geometry": { "type": "Point", "coordinates": [ 11.9412254, 36.8341902 ] } },
{ "type": "Feature", "properties": { "name": "Anzio", "name:en": null, "amenity": "ferry_terminal", "building": null, "port": null, "operator:type": null, "addr:full": null, "addr:city": null, "source": null, "name:it": null, "osm_id": 336238669, "osm_type": "nodes" }, "geometry": { "type": "Point", "coordinates": [ 12.6309049, 41.4448274 ] } },
{ "type": "Feature", "properties": { "name": "Ferry Portofino", "name:en": null, "amenity": "ferry_terminal", "building": null, "port": null, "operator:type": null, "addr:full": null, "addr:city": null, "source": null, "name:it": null, "osm_id": 1883049968, "osm_type": "nodes" }, "geometry": { "type": "Point", "coordinates": [ 9.2104658, 44.3026738 ] } },
{ "type": "Feature", "properties": { "name": "Tavernola", "name:en": null, "amenity": "ferry_terminal", "building": null, "port": null, "operator:type": null, "addr:full": null, "addr:city": "Tavernola", "source": null, "name:it": null, "osm_id": 1863145940, "osm_type": "nodes" }, "geometry": { "type": "Point", "coordinates": [ 9.0725444, 45.8308936 ] } },
{ "type": "Feature", "properties": { "name": "Approdo", "name:en": null, "amenity": "ferry_terminal", "building": null, "port": null, "operator:type": null, "addr:full": null, "addr:city": null, "source": null, "name:it": null, "osm_id": 1870077522, "osm_type": "nodes" }, "geometry": { "type": "Point", "coordinates": [ 9.3420511, 45.5217265 ] } },
{ "type": "Feature", "properties": { "name": "Imbarcadero", "name:en": null, "amenity": "ferry_terminal", "building": null, "port": null, "operator:type": null, "addr:full": null, "addr:city": null, "source": null, "name:it": null, "osm_id": 3307955514, "osm_type": "nodes" }, "geometry": { "type": "Point", "coordinates": [ 8.7183854, 45.8114267 ] } },
{ "type": "Feature", "properties": { "name": "Salerno", "name:en": null, "amenity": "ferry_terminal", "building": null, "port": null, "operator:type": null, "addr:full": null, "addr:city": null, "source": null, "name:it": null, "osm_id": 1003927843, "osm_type": "nodes" }, "geometry": { "type": "Point", "coordinates": [ 14.7668124, 40.6718993 ] } },
{ "type": "Feature", "properties": { "name": "Savona Terminal Auto srl", "name:en": null, "amenity": "ferry_terminal", "building": null, "port": null, "operator:type": null, "addr:full": null, "addr:city": null, "source": null, "name:it": null, "osm_id": 9626428854, "osm_type": "nodes" }, "geometry": { "type": "Point", "coordinates": [ 8.49519, 44.3094062 ] } },
{ "type": "Feature", "properties": { "name": null, "name:en": null, "amenity": "ferry_terminal", "building": null, "port": null, "operator:type": null, "addr:full": null, "addr:city": null, "source": null, "name:it": null, "osm_id": 696748175, "osm_type": "nodes" }, "geometry": { "type": "Point", "coordinates": [ 9.1495896, 44.3249402 ] } },
{ "type": "Feature", "properties": { "name": "Savona", "name:en": null, "amenity": "ferry_terminal", "building": null, "port": null, "operator:type": null, "addr:full": null, "addr:city": null, "source": null, "name:it": null, "osm_id": 1700135184, "osm_type": "nodes" }, "geometry": { "type": "Point", "coordinates": [ 8.4462826, 44.2644507 ] } },
{ "type": "Feature", "properties": { "name": "Santa Caterina", "name:en": null, "amenity": "ferry_terminal", "building": null, "port": null, "operator:type": null, "addr:full": null, "addr:city": "Leggiuno", "source": null, "name:it": null, "osm_id": 267416929, "osm_type": "nodes" }, "geometry": { "type": "Point", "coordinates": [ 8.5968886, 45.8767386 ] } },
{ "type": "Feature", "properties": { "name": "Ispra", "name:en": null, "amenity": "ferry_terminal", "building": null, "port": null, "operator:type": null, "addr:full": null, "addr:city": "Ispra", "source": "Bing", "name:it": null, "osm_id": 276671781, "osm_type": "nodes" }, "geometry": { "type": "Point", "coordinates": [ 8.6066959, 45.8126712 ] } },
{ "type": "Feature", "properties": { "name": "Scalo di Oggebbio", "name:en": null, "amenity": "ferry_terminal", "building": null, "port": null, "operator:type": null, "addr:full": null, "addr:city": "Oggebbio", "source": null, "name:it": null, "osm_id": 4975616484, "osm_type": "nodes" }, "geometry": { "type": "Point", "coordinates": [ 8.6481425, 45.9907376 ] } },
{ "type": "Feature", "properties": { "name": "Torbole", "name:en": null, "amenity": "ferry_terminal", "building": null, "port": null, "operator:type": null, "addr:full": null, "addr:city": "Nago-Torbole", "source": null, "name:it": null, "osm_id": 8833067003, "osm_type": "nodes" }, "geometry": { "type": "Point", "coordinates": [ 10.8761364, 45.8666285 ] } },
{ "type": "Feature", "properties": { "name": "Predore", "name:en": null, "amenity": "ferry_terminal", "building": null, "port": null, "operator:type": null, "addr:full": null, "addr:city": null, "source": null, "name:it": null, "osm_id": 5467183224, "osm_type": "nodes" }, "geometry": { "type": "Point", "coordinates": [ 10.0195907, 45.6791182 ] } },
{ "type": "Feature", "properties": { "name": "Predore Ponecla", "name:en": null, "amenity": "ferry_terminal", "building": null, "port": null, "operator:type": null, "addr:full": null, "addr:city": null, "source": null, "name:it": null, "osm_id": 6830466269, "osm_type": "nodes" }, "geometry": { "type": "Point", "coordinates": [ 10.0150157, 45.6798046 ] } },
{ "type": "Feature", "properties": { "name": "Lovere 2", "name:en": null, "amenity": "ferry_terminal", "building": null, "port": null, "operator:type": null, "addr:full": null, "addr:city": null, "source": null, "name:it": null, "osm_id": 8232635576, "osm_type": "nodes" }, "geometry": { "type": "Point", "coordinates": [ 10.0761989, 45.8169862 ] } },
{ "type": "Feature", "properties": { "name": null, "name:en": null, "amenity": "ferry_terminal", "building": null, "port": null, "operator:type": null, "addr:full": null, "addr:city": null, "source": null, "name:it": null, "osm_id": 3783542146, "osm_type": "nodes" }, "geometry": { "type": "Point", "coordinates": [ 10.0486725, 45.7108201 ] } },
{ "type": "Feature", "properties": { "name": null, "name:en": null, "amenity": "ferry_terminal", "building": null, "port": null, "operator:type": null, "addr:full": null, "addr:city": null, "source": null, "name:it": null, "osm_id": 524421640, "osm_type": "nodes" }, "geometry": { "type": "Point", "coordinates": [ 9.8365596, 44.0517612 ] } },
{ "type": "Feature", "properties": { "name": "Abbadia Lariana", "name:en": null, "amenity": "ferry_terminal", "building": null, "port": null, "operator:type": null, "addr:full": null, "addr:city": "Abbadia Lariana", "source": null, "name:it": null, "osm_id": 682503515, "osm_type": "nodes" }, "geometry": { "type": "Point", "coordinates": [ 9.3311186, 45.9013352 ] } },
{ "type": "Feature", "properties": { "name": "Onno", "name:en": null, "amenity": "ferry_terminal", "building": null, "port": null, "operator:type": null, "addr:full": null, "addr:city": "Onno", "source": null, "name:it": null, "osm_id": 271588649, "osm_type": "nodes" }, "geometry": { "type": "Point", "coordinates": [ 9.2942436, 45.912154 ] } },
{ "type": "Feature", "properties": { "name": "Vassena", "name:en": null, "amenity": "ferry_terminal", "building": null, "port": null, "operator:type": null, "addr:full": null, "addr:city": "Vassena", "source": null, "name:it": null, "osm_id": 271588685, "osm_type": "nodes" }, "geometry": { "type": "Point", "coordinates": [ 9.2851528, 45.9307082 ] } },
{ "type": "Feature", "properties": { "name": "Argegno", "name:en": null, "amenity": "ferry_terminal", "building": null, "port": null, "operator:type": null, "addr:full": null, "addr:city": null, "source": null, "name:it": null, "osm_id": 30939244, "osm_type": "nodes" }, "geometry": { "type": "Point", "coordinates": [ 9.1285176, 45.9427926 ] } },
{ "type": "Feature", "properties": { "name": "Castelletto", "name:en": null, "amenity": "ferry_terminal", "building": null, "port": null, "operator:type": null, "addr:full": null, "addr:city": "Castelletto di Brenzone", "source": null, "name:it": null, "osm_id": 4975189384, "osm_type": "nodes" }, "geometry": { "type": "Point", "coordinates": [ 10.7495458, 45.6876439 ] } },
{ "type": "Feature", "properties": { "name": "Brienno", "name:en": null, "amenity": "ferry_terminal", "building": null, "port": null, "operator:type": null, "addr:full": null, "addr:city": "Brienno", "source": null, "name:it": null, "osm_id": 4977399418, "osm_type": "nodes" }, "geometry": { "type": "Point", "coordinates": [ 9.1318052, 45.9108172 ] } },
{ "type": "Feature", "properties": { "name": "San Mamete", "name:en": null, "amenity": "ferry_terminal", "building": null, "port": null, "operator:type": null, "addr:full": null, "addr:city": null, "source": null, "name:it": null, "osm_id": 3756102933, "osm_type": "nodes" }, "geometry": { "type": "Point", "coordinates": [ 9.0538422, 46.0243042 ] } },
{ "type": "Feature", "properties": { "name": "Domaso", "name:en": null, "amenity": "ferry_terminal", "building": null, "port": null, "operator:type": null, "addr:full": null, "addr:city": null, "source": null, "name:it": null, "osm_id": 853050606, "osm_type": "nodes" }, "geometry": { "type": "Point", "coordinates": [ 9.3234009, 46.1495127 ] } },
{ "type": "Feature", "properties": { "name": "Museo doganale", "name:en": null, "amenity": "ferry_terminal", "building": null, "port": null, "operator:type": null, "addr:full": null, "addr:city": null, "source": null, "name:it": null, "osm_id": 826761097, "osm_type": "nodes" }, "geometry": { "type": "Point", "coordinates": [ 9.0212416, 45.9994739 ] } },
{ "type": "Feature", "properties": { "name": "Caprino", "name:en": null, "amenity": "ferry_terminal", "building": null, "port": null, "operator:type": null, "addr:full": null, "addr:city": null, "source": null, "name:it": null, "osm_id": 3756014514, "osm_type": "nodes" }, "geometry": { "type": "Point", "coordinates": [ 8.9933948, 45.9901054 ] } },
{ "type": "Feature", "properties": { "name": "Gandria SNL", "name:en": null, "amenity": "ferry_terminal", "building": null, "port": null, "operator:type": null, "addr:full": null, "addr:city": null, "source": null, "name:it": null, "osm_id": 663251712, "osm_type": "nodes" }, "geometry": { "type": "Point", "coordinates": [ 9.0039323, 46.0055694 ] } },
{ "type": "Feature", "properties": { "name": "Osteno", "name:en": null, "amenity": "ferry_terminal", "building": null, "port": null, "operator:type": null, "addr:full": null, "addr:city": null, "source": null, "name:it": null, "osm_id": 3756102930, "osm_type": "nodes" }, "geometry": { "type": "Point", "coordinates": [ 9.0812065, 46.0074727 ] } },
{ "type": "Feature", "properties": { "name": "Cima", "name:en": null, "amenity": "ferry_terminal", "building": null, "port": null, "operator:type": null, "addr:full": null, "addr:city": null, "source": null, "name:it": null, "osm_id": 10168957813, "osm_type": "nodes" }, "geometry": { "type": "Point", "coordinates": [ 9.0900727, 46.0240903 ] } },
{ "type": "Feature", "properties": { "name": "Porto Ceresio", "name:en": null, "amenity": "ferry_terminal", "building": null, "port": null, "operator:type": null, "addr:full": null, "addr:city": null, "source": null, "name:it": null, "osm_id": 1328301829, "osm_type": "nodes" }, "geometry": { "type": "Point", "coordinates": [ 8.9008798, 45.9041362 ] } },
{ "type": "Feature", "properties": { "name": "Ponte Tresa (Italia) SNL", "name:en": null, "amenity": "ferry_terminal", "building": null, "port": null, "operator:type": null, "addr:full": null, "addr:city": null, "source": "Bundesamt für Verkehr (BAV), DIDOK 2009", "name:it": null, "osm_id": 3756060017, "osm_type": "nodes" }, "geometry": { "type": "Point", "coordinates": [ 8.8588357, 45.9654126 ] } },
{ "type": "Feature", "properties": { "name": "Ponte Tresa", "name:en": null, "amenity": "ferry_terminal", "building": null, "port": null, "operator:type": null, "addr:full": null, "addr:city": null, "source": null, "name:it": null, "osm_id": 984001852, "osm_type": "nodes" }, "geometry": { "type": "Point", "coordinates": [ 8.8598939, 45.9673493 ] } },
{ "type": "Feature", "properties": { "name": "Oria", "name:en": null, "amenity": "ferry_terminal", "building": null, "port": null, "operator:type": null, "addr:full": null, "addr:city": null, "source": null, "name:it": null, "osm_id": 3756102929, "osm_type": "nodes" }, "geometry": { "type": "Point", "coordinates": [ 9.0325066, 46.0211422 ] } },
{ "type": "Feature", "properties": { "name": "Nesso", "name:en": null, "amenity": "ferry_terminal", "building": null, "port": null, "operator:type": null, "addr:full": null, "addr:city": "Nesso", "source": null, "name:it": null, "osm_id": 2553636993, "osm_type": "nodes" }, "geometry": { "type": "Point", "coordinates": [ 9.1541412, 45.9113839 ] } },
{ "type": "Feature", "properties": { "name": "Morcote", "name:en": null, "amenity": "ferry_terminal", "building": null, "port": null, "operator:type": null, "addr:full": null, "addr:city": null, "source": null, "name:it": null, "osm_id": 3756060031, "osm_type": "nodes" }, "geometry": { "type": "Point", "coordinates": [ 8.9170751, 45.922649 ] } },
{ "type": "Feature", "properties": { "name": "Castagnola Heleneum", "name:en": null, "amenity": "ferry_terminal", "building": null, "port": null, "operator:type": null, "addr:full": null, "addr:city": null, "source": null, "name:it": null, "osm_id": 10168957811, "osm_type": "nodes" }, "geometry": { "type": "Point", "coordinates": [ 8.9833257, 46.0005303 ] } },
{ "type": "Feature", "properties": { "name": "Dervio", "name:en": null, "amenity": "ferry_terminal", "building": null, "port": null, "operator:type": null, "addr:full": null, "addr:city": null, "source": null, "name:it": null, "osm_id": 854993236, "osm_type": "nodes" }, "geometry": { "type": "Point", "coordinates": [ 9.2978823, 46.0756399 ] } },
{ "type": "Feature", "properties": { "name": "Campione d'Italia", "name:en": null, "amenity": "ferry_terminal", "building": null, "port": null, "operator:type": null, "addr:full": null, "addr:city": null, "source": null, "name:it": null, "osm_id": 3756011213, "osm_type": "nodes" }, "geometry": { "type": "Point", "coordinates": [ 8.9702711, 45.968892 ] } },
{ "type": "Feature", "properties": { "name": "Menaggio", "name:en": null, "amenity": "ferry_terminal", "building": null, "port": null, "operator:type": null, "addr:full": null, "addr:city": "Menaggio", "source": null, "name:it": null, "osm_id": 855012758, "osm_type": "nodes" }, "geometry": { "type": "Point", "coordinates": [ 9.2372538, 46.0173254 ] } },
{ "type": "Feature", "properties": { "name": "Menaggio", "name:en": null, "amenity": "ferry_terminal", "building": null, "port": null, "operator:type": null, "addr:full": null, "addr:city": null, "source": null, "name:it": null, "osm_id": 1863060155, "osm_type": "nodes" }, "geometry": { "type": "Point", "coordinates": [ 9.237001, 46.0168803 ] } },
{ "type": "Feature", "properties": { "name": "Cadenabbia", "name:en": null, "amenity": "ferry_terminal", "building": null, "port": null, "operator:type": null, "addr:full": null, "addr:city": "Cadenabbia", "source": null, "name:it": null, "osm_id": 299272776, "osm_type": "nodes" }, "geometry": { "type": "Point", "coordinates": [ 9.2380468, 45.991246 ] } },
{ "type": "Feature", "properties": { "name": "Lenno", "name:en": null, "amenity": "ferry_terminal", "building": null, "port": null, "operator:type": null, "addr:full": null, "addr:city": null, "source": null, "name:it": null, "osm_id": 1888016369, "osm_type": "nodes" }, "geometry": { "type": "Point", "coordinates": [ 9.2000366, 45.9741967 ] } },
{ "type": "Feature", "properties": { "name": "Campo", "name:en": null, "amenity": "ferry_terminal", "building": null, "port": null, "operator:type": null, "addr:full": null, "addr:city": null, "source": null, "name:it": null, "osm_id": 3043151405, "osm_type": "nodes" }, "geometry": { "type": "Point", "coordinates": [ 9.1874872, 45.9667979 ] } },
{ "type": "Feature", "properties": { "name": "Villa Carlotta", "name:en": null, "amenity": "ferry_terminal", "building": null, "port": null, "operator:type": null, "addr:full": null, "addr:city": "Tremezzo", "source": null, "name:it": null, "osm_id": 3456273086, "osm_type": "nodes" }, "geometry": { "type": "Point", "coordinates": [ 9.2306207, 45.9853858 ] } },
{ "type": "Feature", "properties": { "name": "Pisogne", "name:en": null, "amenity": "ferry_terminal", "building": null, "port": null, "operator:type": null, "addr:full": null, "addr:city": null, "source": null, "name:it": null, "osm_id": 487464583, "osm_type": "nodes" }, "geometry": { "type": "Point", "coordinates": [ 10.105381, 45.8032639 ] } },
{ "type": "Feature", "properties": { "name": "Sale Marasino", "name:en": null, "amenity": "ferry_terminal", "building": null, "port": null, "operator:type": null, "addr:full": null, "addr:city": null, "source": null, "name:it": null, "osm_id": 487462173, "osm_type": "nodes" }, "geometry": { "type": "Point", "coordinates": [ 10.1098365, 45.7161239 ] } },
{ "type": "Feature", "properties": { "name": null, "name:en": null, "amenity": "ferry_terminal", "building": null, "port": null, "operator:type": null, "addr:full": null, "addr:city": null, "source": null, "name:it": null, "osm_id": 4277270274, "osm_type": "nodes" }, "geometry": { "type": "Point", "coordinates": [ 10.1060024, 45.6979649 ] } },
{ "type": "Feature", "properties": { "name": "Peschiera Maraglio 1", "name:en": null, "amenity": "ferry_terminal", "building": null, "port": null, "operator:type": null, "addr:full": null, "addr:city": null, "source": null, "name:it": null, "osm_id": 773543513, "osm_type": "nodes" }, "geometry": { "type": "Point", "coordinates": [ 10.0939895, 45.6951338 ] } },
{ "type": "Feature", "properties": { "name": "Peschiera Maraglio 3", "name:en": null, "amenity": "ferry_terminal", "building": null, "port": null, "operator:type": null, "addr:full": null, "addr:city": null, "source": null, "name:it": null, "osm_id": 1744823639, "osm_type": "nodes" }, "geometry": { "type": "Point", "coordinates": [ 10.0916102, 45.6927853 ] } },
{ "type": "Feature", "properties": { "name": null, "name:en": null, "amenity": "ferry_terminal", "building": null, "port": null, "operator:type": null, "addr:full": null, "addr:city": null, "source": null, "name:it": null, "osm_id": 1746089472, "osm_type": "nodes" }, "geometry": { "type": "Point", "coordinates": [ 10.0945468, 45.698317 ] } },
{ "type": "Feature", "properties": { "name": "Sala Comacina", "name:en": null, "amenity": "ferry_terminal", "building": null, "port": null, "operator:type": null, "addr:full": null, "addr:city": "Sala Comacina", "source": null, "name:it": null, "osm_id": 1863254706, "osm_type": "nodes" }, "geometry": { "type": "Point", "coordinates": [ 9.1674324, 45.9636646 ] } },
{ "type": "Feature", "properties": { "name": "Gandria Confine", "name:en": null, "amenity": "ferry_terminal", "building": null, "port": null, "operator:type": null, "addr:full": null, "addr:city": null, "source": null, "name:it": null, "osm_id": 984002891, "osm_type": "nodes" }, "geometry": { "type": "Point", "coordinates": [ 9.0195254, 46.01494 ] } },
{ "type": "Feature", "properties": { "name": "Piona", "name:en": null, "amenity": "ferry_terminal", "building": null, "port": null, "operator:type": null, "addr:full": null, "addr:city": null, "source": null, "name:it": null, "osm_id": 2539821237, "osm_type": "nodes" }, "geometry": { "type": "Point", "coordinates": [ 9.3285122, 46.1234218 ] } },
{ "type": "Feature", "properties": { "name": "Sensole", "name:en": null, "amenity": "ferry_terminal", "building": null, "port": null, "operator:type": null, "addr:full": null, "addr:city": null, "source": null, "name:it": null, "osm_id": 773545698, "osm_type": "nodes" }, "geometry": { "type": "Point", "coordinates": [ 10.0729209, 45.698008 ] } },
{ "type": "Feature", "properties": { "name": "Bellagio San Giovanni", "name:en": null, "amenity": "ferry_terminal", "building": null, "port": null, "operator:type": null, "addr:full": null, "addr:city": "San Giovanni", "source": null, "name:it": null, "osm_id": 1863254709, "osm_type": "nodes" }, "geometry": { "type": "Point", "coordinates": [ 9.2444052, 45.9756313 ] } },
{ "type": "Feature", "properties": { "name": "Bellano", "name:en": null, "amenity": "ferry_terminal", "building": null, "port": null, "operator:type": null, "addr:full": null, "addr:city": "Bellano", "source": null, "name:it": null, "osm_id": 855000016, "osm_type": "nodes" }, "geometry": { "type": "Point", "coordinates": [ 9.3019932, 46.0439746 ] } },
{ "type": "Feature", "properties": { "name": "Varenna", "name:en": null, "amenity": "ferry_terminal", "building": null, "port": null, "operator:type": null, "addr:full": null, "addr:city": null, "source": null, "name:it": null, "osm_id": 682500973, "osm_type": "nodes" }, "geometry": { "type": "Point", "coordinates": [ 9.2826711, 46.0138268 ] } },
{ "type": "Feature", "properties": { "name": "Mennagio Water Limousine", "name:en": null, "amenity": "ferry_terminal", "building": null, "port": null, "operator:type": null, "addr:full": null, "addr:city": null, "source": null, "name:it": null, "osm_id": 10180171662, "osm_type": "nodes" }, "geometry": { "type": "Point", "coordinates": [ 9.2387282, 46.0192968 ] } },
{ "type": "Feature", "properties": { "name": "Ghiffa", "name:en": null, "amenity": "ferry_terminal", "building": null, "port": null, "operator:type": null, "addr:full": null, "addr:city": "Ghiffa", "source": null, "name:it": null, "osm_id": 4975529068, "osm_type": "nodes" }, "geometry": { "type": "Point", "coordinates": [ 8.616813, 45.9559765 ] } },
{ "type": "Feature", "properties": { "name": "Carate Urio", "name:en": null, "amenity": "ferry_terminal", "building": null, "port": null, "operator:type": null, "addr:full": null, "addr:city": "Carate Urio", "source": null, "name:it": null, "osm_id": 4977571930, "osm_type": "nodes" }, "geometry": { "type": "Point", "coordinates": [ 9.1191296, 45.8691392 ] } },
{ "type": "Feature", "properties": { "name": "Blevio", "name:en": null, "amenity": "ferry_terminal", "building": null, "port": null, "operator:type": null, "addr:full": null, "addr:city": null, "source": null, "name:it": null, "osm_id": 1863145901, "osm_type": "nodes" }, "geometry": { "type": "Point", "coordinates": [ 9.1014957, 45.8394777 ] } },
{ "type": "Feature", "properties": { "name": "Moltrasio", "name:en": null, "amenity": "ferry_terminal", "building": null, "port": null, "operator:type": null, "addr:full": null, "addr:city": null, "source": null, "name:it": null, "osm_id": 271603353, "osm_type": "nodes" }, "geometry": { "type": "Point", "coordinates": [ 9.1022616, 45.8600129 ] } },
{ "type": "Feature", "properties": { "name": "Ponte Risorgimento", "name:en": null, "amenity": "ferry_terminal", "building": null, "port": null, "operator:type": null, "addr:full": null, "addr:city": null, "source": null, "name:it": null, "osm_id": 1351740004, "osm_type": "nodes" }, "geometry": { "type": "Point", "coordinates": [ 12.4702226, 41.9194623 ] } },
{ "type": "Feature", "properties": { "name": "Isola Comacina", "name:en": null, "amenity": "ferry_terminal", "building": null, "port": null, "operator:type": null, "addr:full": null, "addr:city": null, "source": null, "name:it": null, "osm_id": 271597869, "osm_type": "nodes" }, "geometry": { "type": "Point", "coordinates": [ 9.17303, 45.964201 ] } },
{ "type": "Feature", "properties": { "name": null, "name:en": null, "amenity": "ferry_terminal", "building": null, "port": null, "operator:type": null, "addr:full": null, "addr:city": null, "source": null, "name:it": null, "osm_id": 6399569592, "osm_type": "nodes" }, "geometry": { "type": "Point", "coordinates": [ 9.1696921, 45.965552 ] } },
{ "type": "Feature", "properties": { "name": "Porto Valtravaglia", "name:en": null, "amenity": "ferry_terminal", "building": null, "port": null, "operator:type": null, "addr:full": null, "addr:city": "Porto Valtravaglia", "source": null, "name:it": null, "osm_id": 262425367, "osm_type": "nodes" }, "geometry": { "type": "Point", "coordinates": [ 8.680236, 45.9623237 ] } },
{ "type": "Feature", "properties": { "name": null, "name:en": null, "amenity": "ferry_terminal", "building": null, "port": null, "operator:type": null, "addr:full": null, "addr:city": null, "source": null, "name:it": null, "osm_id": 746505791, "osm_type": "nodes" }, "geometry": { "type": "Point", "coordinates": [ 15.5631225, 38.1880925 ] } },
{ "type": "Feature", "properties": { "name": "Dongo", "name:en": null, "amenity": "ferry_terminal", "building": null, "port": null, "operator:type": null, "addr:full": null, "addr:city": null, "source": null, "name:it": null, "osm_id": 853050636, "osm_type": "nodes" }, "geometry": { "type": "Point", "coordinates": [ 9.2821585, 46.122531 ] } },
{ "type": "Feature", "properties": { "name": "Musso", "name:en": null, "amenity": "ferry_terminal", "building": null, "port": null, "operator:type": null, "addr:full": null, "addr:city": "Musso", "source": null, "name:it": null, "osm_id": 853052940, "osm_type": "nodes" }, "geometry": { "type": "Point", "coordinates": [ 9.2773623, 46.1138827 ] } },
{ "type": "Feature", "properties": { "name": "Terminal Traghetti di La Spezia", "name:en": null, "amenity": "ferry_terminal", "building": null, "port": null, "operator:type": null, "addr:full": null, "addr:city": null, "source": null, "name:it": "Terminal Traghetti di La Spezia", "osm_id": 1864967381, "osm_type": "nodes" }, "geometry": { "type": "Point", "coordinates": [ 9.8251147, 44.1025765 ] } },
{ "type": "Feature", "properties": { "name": null, "name:en": null, "amenity": "ferry_terminal", "building": null, "port": null, "operator:type": null, "addr:full": null, "addr:city": null, "source": null, "name:it": null, "osm_id": 822727790, "osm_type": "nodes" }, "geometry": { "type": "Point", "coordinates": [ 13.2567216, 41.2832738 ] } },
{ "type": "Feature", "properties": { "name": "Forte Massimiliano", "name:en": null, "amenity": "ferry_terminal", "building": null, "port": null, "operator:type": null, "addr:full": null, "addr:city": null, "source": null, "name:it": null, "osm_id": 2408434311, "osm_type": "nodes" }, "geometry": { "type": "Point", "coordinates": [ 12.3913733, 45.4453349 ] } },
{ "type": "Feature", "properties": { "name": "Villa Taranto", "name:en": null, "amenity": "ferry_terminal", "building": null, "port": null, "operator:type": null, "addr:full": null, "addr:city": "Verbania", "source": "Bundesamt für Verkehr (BAV), DIDOK 2009", "name:it": null, "osm_id": 983984882, "osm_type": "nodes" }, "geometry": { "type": "Point", "coordinates": [ 8.566648, 45.925808 ] } },
{ "type": "Feature", "properties": { "name": "Lio Piccolo", "name:en": null, "amenity": "ferry_terminal", "building": null, "port": null, "operator:type": null, "addr:full": null, "addr:city": null, "source": null, "name:it": null, "osm_id": 10064329066, "osm_type": "nodes" }, "geometry": { "type": "Point", "coordinates": [ 12.5072943, 45.4917713 ] } },
{ "type": "Feature", "properties": { "name": "Lio Piccolo", "name:en": null, "amenity": "ferry_terminal", "building": null, "port": null, "operator:type": null, "addr:full": null, "addr:city": null, "source": null, "name:it": null, "osm_id": 10064329076, "osm_type": "nodes" }, "geometry": { "type": "Point", "coordinates": [ 12.537899, 45.5036169 ] } },
{ "type": "Feature", "properties": { "name": null, "name:en": null, "amenity": "ferry_terminal", "building": null, "port": null, "operator:type": null, "addr:full": null, "addr:city": null, "source": null, "name:it": null, "osm_id": 1100587828, "osm_type": "nodes" }, "geometry": { "type": "Point", "coordinates": [ 12.2554424, 45.4194386 ] } },
{ "type": "Feature", "properties": { "name": null, "name:en": null, "amenity": "ferry_terminal", "building": null, "port": null, "operator:type": null, "addr:full": null, "addr:city": null, "source": null, "name:it": null, "osm_id": 10049435459, "osm_type": "nodes" }, "geometry": { "type": "Point", "coordinates": [ 12.2599264, 44.5115844 ] } },
{ "type": "Feature", "properties": { "name": null, "name:en": null, "amenity": "ferry_terminal", "building": null, "port": null, "operator:type": null, "addr:full": null, "addr:city": null, "source": null, "name:it": null, "osm_id": 9978578674, "osm_type": "nodes" }, "geometry": { "type": "Point", "coordinates": [ 12.2805574, 45.4662048 ] } },
{ "type": "Feature", "properties": { "name": "Molo Teglia", "name:en": null, "amenity": "ferry_terminal", "building": null, "port": null, "operator:type": null, "addr:full": null, "addr:city": null, "source": null, "name:it": null, "osm_id": 1360366258, "osm_type": "nodes" }, "geometry": { "type": "Point", "coordinates": [ 10.0989419, 42.5893316 ] } },
{ "type": "Feature", "properties": { "name": null, "name:en": null, "amenity": "ferry_terminal", "building": null, "port": null, "operator:type": null, "addr:full": null, "addr:city": null, "source": null, "name:it": null, "osm_id": 835650930, "osm_type": "nodes" }, "geometry": { "type": "Point", "coordinates": [ 13.1855385, 45.7135618 ] } },
{ "type": "Feature", "properties": { "name": null, "name:en": null, "amenity": "ferry_terminal", "building": null, "port": null, "operator:type": null, "addr:full": null, "addr:city": null, "source": null, "name:it": null, "osm_id": 803686076, "osm_type": "nodes" }, "geometry": { "type": "Point", "coordinates": [ 13.143586, 45.6974859 ] } },
{ "type": "Feature", "properties": { "name": "MOLO 1 BIS", "name:en": null, "amenity": "ferry_terminal", "building": null, "port": null, "operator:type": null, "addr:full": null, "addr:city": null, "source": null, "name:it": null, "osm_id": 9055782507, "osm_type": "nodes" }, "geometry": { "type": "Point", "coordinates": [ 9.515091, 40.9253771 ] } },
{ "type": "Feature", "properties": { "name": "FerryTerminal Mole 6", "name:en": null, "amenity": "ferry_terminal", "building": null, "port": null, "operator:type": null, "addr:full": null, "addr:city": null, "source": null, "name:it": null, "osm_id": 441213562, "osm_type": "nodes" }, "geometry": { "type": "Point", "coordinates": [ 10.3233765, 42.8127559 ] } },
{ "type": "Feature", "properties": { "name": "FerryTerminal Mole 4", "name:en": null, "amenity": "ferry_terminal", "building": null, "port": null, "operator:type": null, "addr:full": null, "addr:city": null, "source": null, "name:it": null, "osm_id": 441213934, "osm_type": "nodes" }, "geometry": { "type": "Point", "coordinates": [ 10.3229091, 42.8114292 ] } },
{ "type": "Feature", "properties": { "name": "Aliscafo", "name:en": null, "amenity": "ferry_terminal", "building": null, "port": null, "operator:type": null, "addr:full": null, "addr:city": null, "source": null, "name:it": null, "osm_id": 12196980333, "osm_type": "nodes" }, "geometry": { "type": "Point", "coordinates": [ 10.3234383, 42.8116585 ] } },
{ "type": "Feature", "properties": { "name": "FerryTerminal Mole 1", "name:en": null, "amenity": "ferry_terminal", "building": null, "port": null, "operator:type": null, "addr:full": null, "addr:city": null, "source": null, "name:it": null, "osm_id": 1909016121, "osm_type": "nodes" }, "geometry": { "type": "Point", "coordinates": [ 10.321741, 42.8105551 ] } },
{ "type": "Feature", "properties": { "name": "FerryTerminal Mole 2", "name:en": null, "amenity": "ferry_terminal", "building": null, "port": null, "operator:type": null, "addr:full": null, "addr:city": null, "source": null, "name:it": null, "osm_id": 4205480789, "osm_type": "nodes" }, "geometry": { "type": "Point", "coordinates": [ 10.3222964, 42.8107218 ] } },
{ "type": "Feature", "properties": { "name": "FerryTerminal Mole 5", "name:en": null, "amenity": "ferry_terminal", "building": null, "port": null, "operator:type": null, "addr:full": null, "addr:city": null, "source": null, "name:it": null, "osm_id": 4205480795, "osm_type": "nodes" }, "geometry": { "type": "Point", "coordinates": [ 10.3231261, 42.8124384 ] } },
{ "type": "Feature", "properties": { "name": "FerryTerminal Mole 3", "name:en": null, "amenity": "ferry_terminal", "building": null, "port": null, "operator:type": null, "addr:full": null, "addr:city": null, "source": null, "name:it": null, "osm_id": 12197027352, "osm_type": "nodes" }, "geometry": { "type": "Point", "coordinates": [ 10.322633, 42.8111669 ] } },
{ "type": "Feature", "properties": { "name": "Stromboli Porto", "name:en": null, "amenity": "ferry_terminal", "building": null, "port": null, "operator:type": null, "addr:full": null, "addr:city": null, "source": null, "name:it": null, "osm_id": 861666112, "osm_type": "nodes" }, "geometry": { "type": "Point", "coordinates": [ 15.2398904, 38.7974072 ] } },
{ "type": "Feature", "properties": { "name": "Panarea", "name:en": null, "amenity": "ferry_terminal", "building": null, "port": null, "operator:type": null, "addr:full": null, "addr:city": null, "source": null, "name:it": null, "osm_id": 687954197, "osm_type": "nodes" }, "geometry": { "type": "Point", "coordinates": [ 15.078202, 38.6380195 ] } },
{ "type": "Feature", "properties": { "name": "Lezzeno", "name:en": null, "amenity": "ferry_terminal", "building": null, "port": null, "operator:type": null, "addr:full": null, "addr:city": null, "source": null, "name:it": null, "osm_id": 1888016366, "osm_type": "nodes" }, "geometry": { "type": "Point", "coordinates": [ 9.193591, 45.9468657 ] } },
{ "type": "Feature", "properties": { "name": null, "name:en": null, "amenity": "ferry_terminal", "building": null, "port": null, "operator:type": null, "addr:full": null, "addr:city": null, "source": null, "name:it": null, "osm_id": 4997634284, "osm_type": "nodes" }, "geometry": { "type": "Point", "coordinates": [ 8.8154991, 40.9346402 ] } },
{ "type": "Feature", "properties": { "name": "Molo Pennello", "name:en": null, "amenity": "ferry_terminal", "building": null, "port": null, "operator:type": null, "addr:full": null, "addr:city": "Amalfi", "source": null, "name:it": null, "osm_id": 5170078708, "osm_type": "nodes" }, "geometry": { "type": "Point", "coordinates": [ 14.6014181, 40.6327393 ] } },
{ "type": "Feature", "properties": { "name": "Molo Pennello", "name:en": null, "amenity": "ferry_terminal", "building": null, "port": null, "operator:type": null, "addr:full": null, "addr:city": "Amalfi", "source": null, "name:it": null, "osm_id": 7846018026, "osm_type": "nodes" }, "geometry": { "type": "Point", "coordinates": [ 14.6014619, 40.6328639 ] } },
{ "type": "Feature", "properties": { "name": null, "name:en": null, "amenity": "ferry_terminal", "building": null, "port": null, "operator:type": null, "addr:full": null, "addr:city": null, "source": null, "name:it": null, "osm_id": 463761947, "osm_type": "nodes" }, "geometry": { "type": "Point", "coordinates": [ 12.3252638, 37.9332985 ] } },
{ "type": "Feature", "properties": { "name": "Scalo di Procida", "name:en": null, "amenity": "ferry_terminal", "building": null, "port": null, "operator:type": null, "addr:full": null, "addr:city": null, "source": null, "name:it": null, "osm_id": 444812495, "osm_type": "nodes" }, "geometry": { "type": "Point", "coordinates": [ 14.0263896, 40.7659292 ] } },
{ "type": "Feature", "properties": { "name": "Torri del Benaco", "name:en": null, "amenity": "ferry_terminal", "building": null, "port": null, "operator:type": null, "addr:full": null, "addr:city": "Torri del Benaco", "source": null, "name:it": null, "osm_id": 1449076291, "osm_type": "nodes" }, "geometry": { "type": "Point", "coordinates": [ 10.6843377, 45.6085709 ] } },
{ "type": "Feature", "properties": { "name": "Malcesine", "name:en": null, "amenity": "ferry_terminal", "building": null, "port": null, "operator:type": null, "addr:full": null, "addr:city": "Malcesine", "source": null, "name:it": null, "osm_id": 276606873, "osm_type": "nodes" }, "geometry": { "type": "Point", "coordinates": [ 10.8067493, 45.76339 ] } },
{ "type": "Feature", "properties": { "name": "Limone", "name:en": null, "amenity": "ferry_terminal", "building": null, "port": null, "operator:type": null, "addr:full": null, "addr:city": "Limone sul Garda", "source": null, "name:it": null, "osm_id": 393013253, "osm_type": "nodes" }, "geometry": { "type": "Point", "coordinates": [ 10.7940831, 45.8165464 ] } },
{ "type": "Feature", "properties": { "name": "Padenghe", "name:en": null, "amenity": "ferry_terminal", "building": null, "port": null, "operator:type": null, "addr:full": null, "addr:city": "Padenghe", "source": null, "name:it": null, "osm_id": 455957639, "osm_type": "nodes" }, "geometry": { "type": "Point", "coordinates": [ 10.5127666, 45.4963789 ] } },
{ "type": "Feature", "properties": { "name": "Salò", "name:en": null, "amenity": "ferry_terminal", "building": null, "port": null, "operator:type": null, "addr:full": null, "addr:city": "Salò", "source": null, "name:it": null, "osm_id": 512008170, "osm_type": "nodes" }, "geometry": { "type": "Point", "coordinates": [ 10.5291202, 45.6066851 ] } },
{ "type": "Feature", "properties": { "name": "Pai", "name:en": null, "amenity": "ferry_terminal", "building": null, "port": null, "operator:type": null, "addr:full": null, "addr:city": "Pai di Sopra", "source": null, "name:it": null, "osm_id": 4975248602, "osm_type": "nodes" }, "geometry": { "type": "Point", "coordinates": [ 10.7225629, 45.6548057 ] } },
{ "type": "Feature", "properties": { "name": "Torri del Benaco", "name:en": null, "amenity": "ferry_terminal", "building": null, "port": null, "operator:type": null, "addr:full": null, "addr:city": "Torri del Benaco", "source": null, "name:it": null, "osm_id": 278635599, "osm_type": "nodes" }, "geometry": { "type": "Point", "coordinates": [ 10.6851828, 45.6056091 ] } },
{ "type": "Feature", "properties": { "name": null, "name:en": null, "amenity": "ferry_terminal", "building": null, "port": null, "operator:type": null, "addr:full": null, "addr:city": null, "source": null, "name:it": null, "osm_id": 297644300, "osm_type": "nodes" }, "geometry": { "type": "Point", "coordinates": [ 9.1944519, 41.2381422 ] } },
{ "type": "Feature", "properties": { "name": null, "name:en": null, "amenity": "ferry_terminal", "building": null, "port": null, "operator:type": null, "addr:full": null, "addr:city": null, "source": null, "name:it": null, "osm_id": 3561496035, "osm_type": "nodes" }, "geometry": { "type": "Point", "coordinates": [ 10.5608851, 45.5618498 ] } },
{ "type": "Feature", "properties": { "name": null, "name:en": null, "amenity": "ferry_terminal", "building": null, "port": null, "operator:type": null, "addr:full": null, "addr:city": null, "source": null, "name:it": null, "osm_id": 1216781644, "osm_type": "nodes" }, "geometry": { "type": "Point", "coordinates": [ 12.3592512, 45.0470546 ] } },
{ "type": "Feature", "properties": { "name": null, "name:en": null, "amenity": "ferry_terminal", "building": null, "port": null, "operator:type": null, "addr:full": null, "addr:city": null, "source": null, "name:it": null, "osm_id": 7764847796, "osm_type": "nodes" }, "geometry": { "type": "Point", "coordinates": [ 12.3616693, 45.049822 ] } },
{ "type": "Feature", "properties": { "name": "Lido San Nicolò ferry", "name:en": null, "amenity": "ferry_terminal", "building": null, "port": null, "operator:type": null, "addr:full": null, "addr:city": null, "source": null, "name:it": null, "osm_id": 27241169, "osm_type": "nodes" }, "geometry": { "type": "Point", "coordinates": [ 12.378485, 45.426176 ] } },
{ "type": "Feature", "properties": { "name": "Tronchetto ferry", "name:en": null, "amenity": "ferry_terminal", "building": null, "port": null, "operator:type": null, "addr:full": null, "addr:city": null, "source": null, "name:it": null, "osm_id": 455034896, "osm_type": "nodes" }, "geometry": { "type": "Point", "coordinates": [ 12.3043872, 45.4380443 ] } },
{ "type": "Feature", "properties": { "name": "Desenzano", "name:en": null, "amenity": "ferry_terminal", "building": null, "port": null, "operator:type": null, "addr:full": null, "addr:city": "Desenzano del Garda", "source": null, "name:it": null, "osm_id": 4974848931, "osm_type": "nodes" }, "geometry": { "type": "Point", "coordinates": [ 10.5414466, 45.4699754 ] } },
{ "type": "Feature", "properties": { "name": null, "name:en": null, "amenity": "ferry_terminal", "building": null, "port": null, "operator:type": null, "addr:full": null, "addr:city": null, "source": null, "name:it": null, "osm_id": 374351219, "osm_type": "nodes" }, "geometry": { "type": "Point", "coordinates": [ 12.1469268, 44.5486158 ] } },
{ "type": "Feature", "properties": { "name": null, "name:en": null, "amenity": "ferry_terminal", "building": null, "port": null, "operator:type": null, "addr:full": null, "addr:city": null, "source": null, "name:it": null, "osm_id": 374357073, "osm_type": "nodes" }, "geometry": { "type": "Point", "coordinates": [ 12.146319, 44.5483299 ] } },
{ "type": "Feature", "properties": { "name": "Moniga del Garda", "name:en": null, "amenity": "ferry_terminal", "building": null, "port": null, "operator:type": null, "addr:full": null, "addr:city": "Moniga del Garda", "source": null, "name:it": null, "osm_id": 455957125, "osm_type": "nodes" }, "geometry": { "type": "Point", "coordinates": [ 10.5399747, 45.5213408 ] } },
{ "type": "Feature", "properties": { "name": "Sirmione", "name:en": null, "amenity": "ferry_terminal", "building": null, "port": null, "operator:type": null, "addr:full": null, "addr:city": "Sirmione", "source": null, "name:it": null, "osm_id": 455957492, "osm_type": "nodes" }, "geometry": { "type": "Point", "coordinates": [ 10.6062217, 45.4920024 ] } },
{ "type": "Feature", "properties": { "name": "Imbarco Isola Virginia", "name:en": null, "amenity": "ferry_terminal", "building": null, "port": null, "operator:type": null, "addr:full": null, "addr:city": null, "source": null, "name:it": null, "osm_id": 302946125, "osm_type": "nodes" }, "geometry": { "type": "Point", "coordinates": [ 8.7159835, 45.8199289 ] } },
{ "type": "Feature", "properties": { "name": "Mozia", "name:en": null, "amenity": "ferry_terminal", "building": null, "port": null, "operator:type": null, "addr:full": null, "addr:city": null, "source": null, "name:it": null, "osm_id": 4182066932, "osm_type": "nodes" }, "geometry": { "type": "Point", "coordinates": [ 12.4717794, 37.86586 ] } },
{ "type": "Feature", "properties": { "name": "Tirrenia Genova", "name:en": null, "amenity": "ferry_terminal", "building": null, "port": null, "operator:type": null, "addr:full": null, "addr:city": null, "source": null, "name:it": null, "osm_id": 1612883958, "osm_type": "nodes" }, "geometry": { "type": "Point", "coordinates": [ 8.9103076, 44.4105078 ] } },
{ "type": "Feature", "properties": { "name": "Corsica ferries", "name:en": "Corsica ferries - departure for France and Corsica", "amenity": "ferry_terminal", "building": null, "port": null, "operator:type": null, "addr:full": null, "addr:city": null, "source": null, "name:it": null, "osm_id": 12231492201, "osm_type": "nodes" }, "geometry": { "type": "Point", "coordinates": [ 8.4021199, 40.8404744 ] } },
{ "type": "Feature", "properties": { "name": "Lido Casino", "name:en": null, "amenity": "ferry_terminal", "building": null, "port": null, "operator:type": null, "addr:full": null, "addr:city": null, "source": null, "name:it": null, "osm_id": 12154883702, "osm_type": "nodes" }, "geometry": { "type": "Point", "coordinates": [ 12.367195, 45.4074151 ] } },
{ "type": "Feature", "properties": { "name": "Tremezzo", "name:en": null, "amenity": "ferry_terminal", "building": null, "port": null, "operator:type": null, "addr:full": null, "addr:city": "Tremezzina", "source": null, "name:it": null, "osm_id": 470443799, "osm_type": "nodes" }, "geometry": { "type": "Point", "coordinates": [ 9.2252859, 45.982752 ] } },
{ "type": "Feature", "properties": { "name": "Pianello del Lario", "name:en": null, "amenity": "ferry_terminal", "building": null, "port": null, "operator:type": null, "addr:full": null, "addr:city": "Pianello del Lario", "source": null, "name:it": null, "osm_id": 853052963, "osm_type": "nodes" }, "geometry": { "type": "Point", "coordinates": [ 9.2782865, 46.1006638 ] } },
{ "type": "Feature", "properties": { "name": "Gravedona", "name:en": null, "amenity": "ferry_terminal", "building": null, "port": null, "operator:type": null, "addr:full": null, "addr:city": "Gravedona", "source": null, "name:it": null, "osm_id": 857233295, "osm_type": "nodes" }, "geometry": { "type": "Point", "coordinates": [ 9.3055777, 46.1459578 ] } },
{ "type": "Feature", "properties": { "name": "Cernobbio", "name:en": null, "amenity": "ferry_terminal", "building": null, "port": null, "operator:type": null, "addr:full": null, "addr:city": "Cernobbio", "source": null, "name:it": null, "osm_id": 1863145927, "osm_type": "nodes" }, "geometry": { "type": "Point", "coordinates": [ 9.0788646, 45.8389801 ] } },
{ "type": "Feature", "properties": { "name": "Lierna", "name:en": null, "amenity": "ferry_terminal", "building": null, "port": null, "operator:type": null, "addr:full": null, "addr:city": "Lierna", "source": null, "name:it": null, "osm_id": 1863288825, "osm_type": "nodes" }, "geometry": { "type": "Point", "coordinates": [ 9.3002703, 45.9595861 ] } },
{ "type": "Feature", "properties": { "name": "Ranco", "name:en": null, "amenity": "ferry_terminal", "building": null, "port": null, "operator:type": null, "addr:full": null, "addr:city": "Ranco", "source": "Bing", "name:it": null, "osm_id": 1359908697, "osm_type": "nodes" }, "geometry": { "type": "Point", "coordinates": [ 8.5679736, 45.7965063 ] } },
{ "type": "Feature", "properties": { "name": "Gardone", "name:en": null, "amenity": "ferry_terminal", "building": null, "port": null, "operator:type": null, "addr:full": null, "addr:city": "Gardone Riviera", "source": null, "name:it": null, "osm_id": 512008159, "osm_type": "nodes" }, "geometry": { "type": "Point", "coordinates": [ 10.5600523, 45.617601 ] } },
{ "type": "Feature", "properties": { "name": null, "name:en": null, "amenity": "ferry_terminal", "building": null, "port": null, "operator:type": null, "addr:full": null, "addr:city": null, "source": null, "name:it": null, "osm_id": 939091454, "osm_type": "nodes" }, "geometry": { "type": "Point", "coordinates": [ 10.3007958, 43.5531304 ] } },
{ "type": "Feature", "properties": { "name": "Carloforte", "name:en": null, "amenity": "ferry_terminal", "building": null, "port": null, "operator:type": null, "addr:full": null, "addr:city": null, "source": null, "name:it": null, "osm_id": 600514577, "osm_type": "nodes" }, "geometry": { "type": "Point", "coordinates": [ 8.3078226, 39.144455 ] } },
{ "type": "Feature", "properties": { "name": "Carloforte", "name:en": null, "amenity": "ferry_terminal", "building": null, "port": null, "operator:type": null, "addr:full": null, "addr:city": null, "source": null, "name:it": null, "osm_id": 752725951, "osm_type": "nodes" }, "geometry": { "type": "Point", "coordinates": [ 8.3079725, 39.1449983 ] } },
{ "type": "Feature", "properties": { "name": "Molo 7", "name:en": null, "amenity": "ferry_terminal", "building": null, "port": null, "operator:type": null, "addr:full": null, "addr:city": null, "source": null, "name:it": null, "osm_id": 259424119, "osm_type": "nodes" }, "geometry": { "type": "Point", "coordinates": [ 9.5225645, 40.9221642 ] } },
{ "type": "Feature", "properties": { "name": "Molo 6", "name:en": null, "amenity": "ferry_terminal", "building": null, "port": null, "operator:type": null, "addr:full": null, "addr:city": null, "source": null, "name:it": null, "osm_id": 259424328, "osm_type": "nodes" }, "geometry": { "type": "Point", "coordinates": [ 9.5247098, 40.9224945 ] } },
{ "type": "Feature", "properties": { "name": "Molo 5", "name:en": null, "amenity": "ferry_terminal", "building": null, "port": null, "operator:type": null, "addr:full": null, "addr:city": null, "source": null, "name:it": null, "osm_id": 259424335, "osm_type": "nodes" }, "geometry": { "type": "Point", "coordinates": [ 9.5247295, 40.9228376 ] } },
{ "type": "Feature", "properties": { "name": "Molo 2", "name:en": null, "amenity": "ferry_terminal", "building": null, "port": null, "operator:type": null, "addr:full": null, "addr:city": null, "source": null, "name:it": null, "osm_id": 259424664, "osm_type": "nodes" }, "geometry": { "type": "Point", "coordinates": [ 9.5223349, 40.9239807 ] } },
{ "type": "Feature", "properties": { "name": "Molo 1", "name:en": null, "amenity": "ferry_terminal", "building": null, "port": null, "operator:type": null, "addr:full": null, "addr:city": null, "source": null, "name:it": null, "osm_id": 259424816, "osm_type": "nodes" }, "geometry": { "type": "Point", "coordinates": [ 9.5224151, 40.9249037 ] } },
{ "type": "Feature", "properties": { "name": "Molo 4", "name:en": null, "amenity": "ferry_terminal", "building": null, "port": null, "operator:type": null, "addr:full": null, "addr:city": null, "source": null, "name:it": null, "osm_id": 259424947, "osm_type": "nodes" }, "geometry": { "type": "Point", "coordinates": [ 9.5223012, 40.9233508 ] } },
{ "type": "Feature", "properties": { "name": "Molo Madonna di Bonara", "name:en": null, "amenity": "ferry_terminal", "building": null, "port": null, "operator:type": null, "addr:full": null, "addr:city": null, "source": null, "name:it": null, "osm_id": 2461818565, "osm_type": "nodes" }, "geometry": { "type": "Point", "coordinates": [ 9.5183924, 40.9251297 ] } },
{ "type": "Feature", "properties": { "name": "Molo 8", "name:en": null, "amenity": "ferry_terminal", "building": null, "port": null, "operator:type": null, "addr:full": null, "addr:city": null, "source": null, "name:it": null, "osm_id": 2461818577, "osm_type": "nodes" }, "geometry": { "type": "Point", "coordinates": [ 9.5205316, 40.922012 ] } },
{ "type": "Feature", "properties": { "name": "Molo 2", "name:en": null, "amenity": "ferry_terminal", "building": null, "port": null, "operator:type": null, "addr:full": null, "addr:city": null, "source": null, "name:it": null, "osm_id": 2461822324, "osm_type": "nodes" }, "geometry": { "type": "Point", "coordinates": [ 9.5244558, 40.9243773 ] } },
{ "type": "Feature", "properties": { "name": "Molo 9", "name:en": null, "amenity": "ferry_terminal", "building": null, "port": null, "operator:type": null, "addr:full": null, "addr:city": null, "source": null, "name:it": null, "osm_id": 9055782508, "osm_type": "nodes" }, "geometry": { "type": "Point", "coordinates": [ 9.5193704, 40.9219021 ] } },
{ "type": "Feature", "properties": { "name": null, "name:en": null, "amenity": "ferry_terminal", "building": null, "port": null, "operator:type": null, "addr:full": null, "addr:city": null, "source": null, "name:it": null, "osm_id": 13983322, "osm_type": "nodes" }, "geometry": { "type": "Point", "coordinates": [ 10.3012232, 43.5511156 ] } },
{ "type": "Feature", "properties": { "name": "Molo 6", "name:en": null, "amenity": "ferry_terminal", "building": null, "port": null, "operator:type": null, "addr:full": null, "addr:city": null, "source": null, "name:it": null, "osm_id": 370929662, "osm_type": "nodes" }, "geometry": { "type": "Point", "coordinates": [ 10.5465992, 42.9297 ] } },
{ "type": "Feature", "properties": { "name": null, "name:en": null, "amenity": "ferry_terminal", "building": null, "port": null, "operator:type": null, "addr:full": null, "addr:city": null, "source": null, "name:it": null, "osm_id": 12396979697, "osm_type": "nodes" }, "geometry": { "type": "Point", "coordinates": [ 10.3986884, 42.7641617 ] } },
{ "type": "Feature", "properties": { "name": "Brenzone", "name:en": null, "amenity": "ferry_terminal", "building": null, "port": null, "operator:type": null, "addr:full": null, "addr:city": "Brenzone", "source": null, "name:it": null, "osm_id": 12397494656, "osm_type": "nodes" }, "geometry": { "type": "Point", "coordinates": [ 10.7658809, 45.7076013 ] } },
{ "type": "Feature", "properties": { "name": "Golfo Aranci", "name:en": null, "amenity": "ferry_terminal", "building": null, "port": null, "operator:type": null, "addr:full": null, "addr:city": null, "source": null, "name:it": null, "osm_id": 5026057675, "osm_type": "nodes" }, "geometry": { "type": "Point", "coordinates": [ 9.6234522, 40.9940948 ] } },
{ "type": "Feature", "properties": { "name": "Assenza", "name:en": null, "amenity": "ferry_terminal", "building": null, "port": null, "operator:type": null, "addr:full": null, "addr:city": "Brenzone sul Garda", "source": null, "name:it": null, "osm_id": 12397509932, "osm_type": "nodes" }, "geometry": { "type": "Point", "coordinates": [ 10.7806756, 45.726355 ] } },
{ "type": "Feature", "properties": { "name": "Garda", "name:en": null, "amenity": "ferry_terminal", "building": null, "port": null, "operator:type": null, "addr:full": null, "addr:city": "Garda", "source": null, "name:it": null, "osm_id": 512008215, "osm_type": "nodes" }, "geometry": { "type": "Point", "coordinates": [ 10.7038512, 45.5765826 ] } },
{ "type": "Feature", "properties": { "name": "Bastia-Savona", "name:en": null, "amenity": "ferry_terminal", "building": null, "port": null, "operator:type": null, "addr:full": null, "addr:city": null, "source": null, "name:it": null, "osm_id": 12179824208, "osm_type": "nodes" }, "geometry": { "type": "Point", "coordinates": [ 8.4496538, 44.2627663 ] } },
{ "type": "Feature", "properties": { "name": "Malcesine", "name:en": null, "amenity": "ferry_terminal", "building": null, "port": null, "operator:type": null, "addr:full": null, "addr:city": "Malcesine", "source": null, "name:it": null, "osm_id": 1882846806, "osm_type": "nodes" }, "geometry": { "type": "Point", "coordinates": [ 10.8134823, 45.7750421 ] } },
{ "type": "Feature", "properties": { "name": null, "name:en": null, "amenity": "ferry_terminal", "building": null, "port": null, "operator:type": null, "addr:full": null, "addr:city": null, "source": null, "name:it": null, "osm_id": 1279180498, "osm_type": "nodes" }, "geometry": { "type": "Point", "coordinates": [ 10.4239658, 42.8602151 ] } },
{ "type": "Feature", "properties": { "name": "Rio Marina", "name:en": null, "amenity": "ferry_terminal", "building": null, "port": null, "operator:type": null, "addr:full": null, "addr:city": null, "source": null, "name:it": null, "osm_id": 1343452492, "osm_type": "nodes" }, "geometry": { "type": "Point", "coordinates": [ 10.4310365, 42.8153618 ] } },
{ "type": "Feature", "properties": { "name": "Peschiera del Garda", "name:en": null, "amenity": "ferry_terminal", "building": null, "port": null, "operator:type": null, "addr:full": null, "addr:city": "Peschiera del Garda", "source": null, "name:it": null, "osm_id": 1439630938, "osm_type": "nodes" }, "geometry": { "type": "Point", "coordinates": [ 10.6921272, 45.4404159 ] } },
{ "type": "Feature", "properties": { "name": null, "name:en": null, "amenity": "ferry_terminal", "building": null, "port": null, "operator:type": null, "addr:full": null, "addr:city": null, "source": null, "name:it": null, "osm_id": 5258423196, "osm_type": "nodes" }, "geometry": { "type": "Point", "coordinates": [ 13.1668169, 45.7626801 ] } },
{ "type": "Feature", "properties": { "name": "Villa Foscari", "name:en": null, "amenity": "ferry_terminal", "building": null, "port": null, "operator:type": null, "addr:full": null, "addr:city": null, "source": null, "name:it": null, "osm_id": 2358729219, "osm_type": "nodes" }, "geometry": { "type": "Point", "coordinates": [ 12.2025122, 45.4360606 ] } },
{ "type": "Feature", "properties": { "name": null, "name:en": null, "amenity": "ferry_terminal", "building": null, "port": null, "operator:type": null, "addr:full": null, "addr:city": null, "source": null, "name:it": null, "osm_id": 10049435457, "osm_type": "nodes" }, "geometry": { "type": "Point", "coordinates": [ 12.2640796, 44.4992333 ] } },
{ "type": "Feature", "properties": { "name": null, "name:en": null, "amenity": "ferry_terminal", "building": null, "port": null, "operator:type": null, "addr:full": null, "addr:city": null, "source": null, "name:it": null, "osm_id": 10049435511, "osm_type": "nodes" }, "geometry": { "type": "Point", "coordinates": [ 12.2454014, 44.5071701 ] } },
{ "type": "Feature", "properties": { "name": "Molino Stucky", "name:en": null, "amenity": "ferry_terminal", "building": null, "port": null, "operator:type": null, "addr:full": null, "addr:city": null, "source": null, "name:it": null, "osm_id": 4212939803, "osm_type": "nodes" }, "geometry": { "type": "Point", "coordinates": [ 12.320141, 45.4283958 ] } },
{ "type": "Feature", "properties": { "name": "San Basilio", "name:en": null, "amenity": "ferry_terminal", "building": null, "port": null, "operator:type": null, "addr:full": null, "addr:city": null, "source": null, "name:it": null, "osm_id": 4266644927, "osm_type": "nodes" }, "geometry": { "type": "Point", "coordinates": [ 12.3181155, 45.4309306 ] } },
{ "type": "Feature", "properties": { "name": "San Basilio", "name:en": null, "amenity": "ferry_terminal", "building": null, "port": null, "operator:type": null, "addr:full": null, "addr:city": null, "source": null, "name:it": null, "osm_id": 245810951, "osm_type": "nodes" }, "geometry": { "type": "Point", "coordinates": [ 12.3208205, 45.4305223 ] } },
{ "type": "Feature", "properties": { "name": "Tronchetto Mercato", "name:en": null, "amenity": "ferry_terminal", "building": null, "port": null, "operator:type": null, "addr:full": null, "addr:city": null, "source": null, "name:it": null, "osm_id": 2408442121, "osm_type": "nodes" }, "geometry": { "type": "Point", "coordinates": [ 12.3093793, 45.4413665 ] } },
{ "type": "Feature", "properties": { "name": null, "name:en": null, "amenity": "ferry_terminal", "building": null, "port": null, "operator:type": null, "addr:full": null, "addr:city": null, "source": null, "name:it": null, "osm_id": 3693161300, "osm_type": "nodes" }, "geometry": { "type": "Point", "coordinates": [ 13.421711, 45.7036634 ] } },
{ "type": "Feature", "properties": { "name": "Trieste - Durazzo", "name:en": null, "amenity": "ferry_terminal", "building": null, "port": null, "operator:type": null, "addr:full": null, "addr:city": null, "source": null, "name:it": null, "osm_id": 447719199, "osm_type": "nodes" }, "geometry": { "type": "Point", "coordinates": [ 13.7662567, 45.6336519 ] } },
{ "type": "Feature", "properties": { "name": "UnRoRo", "name:en": null, "amenity": "ferry_terminal", "building": null, "port": null, "operator:type": null, "addr:full": null, "addr:city": null, "source": null, "name:it": null, "osm_id": 9176701447, "osm_type": "nodes" }, "geometry": { "type": "Point", "coordinates": [ 13.7507932, 45.6460836 ] } },
{ "type": "Feature", "properties": { "name": "Terminal Samer", "name:en": null, "amenity": "ferry_terminal", "building": null, "port": null, "operator:type": null, "addr:full": null, "addr:city": null, "source": null, "name:it": null, "osm_id": 9176701426, "osm_type": "nodes" }, "geometry": { "type": "Point", "coordinates": [ 13.7481672, 45.6414381 ] } },
{ "type": "Feature", "properties": { "name": "Zona Industriale", "name:en": null, "amenity": "ferry_terminal", "building": null, "port": null, "operator:type": null, "addr:full": null, "addr:city": null, "source": null, "name:it": null, "osm_id": 1624303583, "osm_type": "nodes" }, "geometry": { "type": "Point", "coordinates": [ 13.8118231, 45.6129904 ] } },
{ "type": "Feature", "properties": { "name": "Zattere (per Fusina)", "name:en": null, "amenity": "ferry_terminal", "building": null, "port": null, "operator:type": null, "addr:full": null, "addr:city": null, "source": null, "name:it": null, "osm_id": 1499912526, "osm_type": "nodes" }, "geometry": { "type": "Point", "coordinates": [ 12.3273336, 45.429023 ] } },
{ "type": "Feature", "properties": { "name": "San Samuele", "name:en": null, "amenity": "ferry_terminal", "building": null, "port": null, "operator:type": null, "addr:full": null, "addr:city": null, "source": null, "name:it": null, "osm_id": 695741736, "osm_type": "nodes" }, "geometry": { "type": "Point", "coordinates": [ 12.3275947, 45.4334829 ] } },
{ "type": "Feature", "properties": { "name": "Ca' Rezzonico", "name:en": null, "amenity": "ferry_terminal", "building": null, "port": null, "operator:type": null, "addr:full": null, "addr:city": null, "source": null, "name:it": null, "osm_id": 3586368091, "osm_type": "nodes" }, "geometry": { "type": "Point", "coordinates": [ 12.3271509, 45.4332642 ] } },
{ "type": "Feature", "properties": { "name": "Tronchetto", "name:en": null, "amenity": "ferry_terminal", "building": null, "port": null, "operator:type": null, "addr:full": null, "addr:city": null, "source": null, "name:it": null, "osm_id": 4212852435, "osm_type": "nodes" }, "geometry": { "type": "Point", "coordinates": [ 12.3063619, 45.4400634 ] } },
{ "type": "Feature", "properties": { "name": "San Zaccaria - (Jolanda) \"C\"", "name:en": null, "amenity": "ferry_terminal", "building": null, "port": null, "operator:type": null, "addr:full": null, "addr:city": null, "source": null, "name:it": null, "osm_id": 4212293027, "osm_type": "nodes" }, "geometry": { "type": "Point", "coordinates": [ 12.3430601, 45.4334688 ] } },
{ "type": "Feature", "properties": { "name": "Fusina (per Zattere)", "name:en": null, "amenity": "ferry_terminal", "building": null, "port": null, "operator:type": null, "addr:full": null, "addr:city": null, "source": null, "name:it": null, "osm_id": 3053395448, "osm_type": "nodes" }, "geometry": { "type": "Point", "coordinates": [ 12.2587235, 45.4183473 ] } },
{ "type": "Feature", "properties": { "name": "Aeroporto Marco Polo, pontile Alilaguna", "name:en": null, "amenity": "ferry_terminal", "building": null, "port": null, "operator:type": null, "addr:full": null, "addr:city": null, "source": null, "name:it": null, "osm_id": 4921114178, "osm_type": "nodes" }, "geometry": { "type": "Point", "coordinates": [ 12.3372434, 45.5007736 ] } },
{ "type": "Feature", "properties": { "name": "San Zaccaria (M.V.E.) \"B\"", "name:en": null, "amenity": "ferry_terminal", "building": null, "port": null, "operator:type": null, "addr:full": null, "addr:city": null, "source": null, "name:it": null, "osm_id": 3586674308, "osm_type": "nodes" }, "geometry": { "type": "Point", "coordinates": [ 12.3440893, 45.4334925 ] } },
{ "type": "Feature", "properties": { "name": null, "name:en": null, "amenity": "ferry_terminal", "building": null, "port": null, "operator:type": null, "addr:full": null, "addr:city": null, "source": null, "name:it": null, "osm_id": 5959789467, "osm_type": "nodes" }, "geometry": { "type": "Point", "coordinates": [ 12.3142549, 45.4289514 ] } },
{ "type": "Feature", "properties": { "name": null, "name:en": null, "amenity": "ferry_terminal", "building": null, "port": null, "operator:type": null, "addr:full": null, "addr:city": null, "source": null, "name:it": null, "osm_id": 3044705099, "osm_type": "nodes" }, "geometry": { "type": "Point", "coordinates": [ 12.3130845, 45.4311554 ] } },
{ "type": "Feature", "properties": { "name": "Aeroporto Marco Polo, terminal Alilaguna", "name:en": null, "amenity": "ferry_terminal", "building": null, "port": null, "operator:type": null, "addr:full": null, "addr:city": null, "source": null, "name:it": null, "osm_id": 2961130018, "osm_type": "nodes" }, "geometry": { "type": "Point", "coordinates": [ 12.3373264, 45.5008316 ] } },
{ "type": "Feature", "properties": { "name": "Aeroporto Marco Polo, pontile Alilaguna", "name:en": null, "amenity": "ferry_terminal", "building": null, "port": null, "operator:type": null, "addr:full": null, "addr:city": null, "source": null, "name:it": null, "osm_id": 4921114177, "osm_type": "nodes" }, "geometry": { "type": "Point", "coordinates": [ 12.3371452, 45.5006994 ] } },
{ "type": "Feature", "properties": { "name": "San Silvestro", "name:en": null, "amenity": "ferry_terminal", "building": null, "port": null, "operator:type": null, "addr:full": null, "addr:city": null, "source": null, "name:it": null, "osm_id": 2090158879, "osm_type": "nodes" }, "geometry": { "type": "Point", "coordinates": [ 12.3331796, 45.4367825 ] } },
{ "type": "Feature", "properties": { "name": "Rialto Mercato", "name:en": null, "amenity": "ferry_terminal", "building": null, "port": null, "operator:type": null, "addr:full": null, "addr:city": null, "source": null, "name:it": null, "osm_id": 2090158891, "osm_type": "nodes" }, "geometry": { "type": "Point", "coordinates": [ 12.3353097, 45.4394434 ] } },
{ "type": "Feature", "properties": { "name": "Bacini", "name:en": null, "amenity": "ferry_terminal", "building": null, "port": null, "operator:type": null, "addr:full": null, "addr:city": null, "source": null, "name:it": null, "osm_id": 1996193041, "osm_type": "nodes" }, "geometry": { "type": "Point", "coordinates": [ 12.3573109, 45.439226 ] } },
{ "type": "Feature", "properties": { "name": "Murano Faro", "name:en": "Murano Faro", "amenity": "ferry_terminal", "building": null, "port": null, "operator:type": null, "addr:full": null, "addr:city": null, "source": null, "name:it": null, "osm_id": 27486304, "osm_type": "nodes" }, "geometry": { "type": "Point", "coordinates": [ 12.3546181, 45.4526254 ] } },
{ "type": "Feature", "properties": { "name": "San Alvise", "name:en": null, "amenity": "ferry_terminal", "building": null, "port": null, "operator:type": null, "addr:full": null, "addr:city": null, "source": null, "name:it": null, "osm_id": 643584306, "osm_type": "nodes" }, "geometry": { "type": "Point", "coordinates": [ 12.3295105, 45.4487043 ] } },
{ "type": "Feature", "properties": { "name": "Orto", "name:en": null, "amenity": "ferry_terminal", "building": null, "port": null, "operator:type": null, "addr:full": null, "addr:city": null, "source": null, "name:it": null, "osm_id": 1843619468, "osm_type": "nodes" }, "geometry": { "type": "Point", "coordinates": [ 12.3329093, 45.447678 ] } },
{ "type": "Feature", "properties": { "name": null, "name:en": null, "amenity": "ferry_terminal", "building": null, "port": null, "operator:type": null, "addr:full": null, "addr:city": null, "source": null, "name:it": null, "osm_id": 9978578660, "osm_type": "nodes" }, "geometry": { "type": "Point", "coordinates": [ 12.3375021, 45.4450241 ] } },
{ "type": "Feature", "properties": { "name": "Ospedale", "name:en": null, "amenity": "ferry_terminal", "building": null, "port": null, "operator:type": null, "addr:full": null, "addr:city": null, "source": null, "name:it": null, "osm_id": 1996193060, "osm_type": "nodes" }, "geometry": { "type": "Point", "coordinates": [ 12.3447698, 45.440882 ] } },
{ "type": "Feature", "properties": { "name": "Piazzale Roma Santa Chiara \"F\"", "name:en": null, "amenity": "ferry_terminal", "building": null, "port": null, "operator:type": null, "addr:full": null, "addr:city": null, "source": null, "name:it": null, "osm_id": 4212293010, "osm_type": "nodes" }, "geometry": { "type": "Point", "coordinates": [ 12.3188432, 45.4389304 ] } },
{ "type": "Feature", "properties": { "name": "Chiesa", "name:en": null, "amenity": "ferry_terminal", "building": null, "port": null, "operator:type": null, "addr:full": null, "addr:city": null, "source": null, "name:it": null, "osm_id": 2408434312, "osm_type": "nodes" }, "geometry": { "type": "Point", "coordinates": [ 12.4100689, 45.4594356 ] } },
{ "type": "Feature", "properties": { "name": "Riva di Biasio \"A\"", "name:en": null, "amenity": "ferry_terminal", "building": null, "port": null, "operator:type": null, "addr:full": null, "addr:city": null, "source": null, "name:it": null, "osm_id": 4730387602, "osm_type": "nodes" }, "geometry": { "type": "Point", "coordinates": [ 12.3250729, 45.441831 ] } },
{ "type": "Feature", "properties": { "name": "Lazzaretto Nuovo", "name:en": null, "amenity": "ferry_terminal", "building": null, "port": null, "operator:type": null, "addr:full": null, "addr:city": null, "source": null, "name:it": null, "osm_id": 2408434314, "osm_type": "nodes" }, "geometry": { "type": "Point", "coordinates": [ 12.3868671, 45.4549558 ] } },
{ "type": "Feature", "properties": { "name": "Crea", "name:en": null, "amenity": "ferry_terminal", "building": null, "port": null, "operator:type": null, "addr:full": null, "addr:city": null, "source": null, "name:it": null, "osm_id": 643584293, "osm_type": "nodes" }, "geometry": { "type": "Point", "coordinates": [ 12.3211197, 45.4452882 ] } },
{ "type": "Feature", "properties": { "name": "Spirito Santo", "name:en": null, "amenity": "ferry_terminal", "building": null, "port": null, "operator:type": null, "addr:full": null, "addr:city": null, "source": null, "name:it": null, "osm_id": 4212293014, "osm_type": "nodes" }, "geometry": { "type": "Point", "coordinates": [ 12.3319603, 45.4282903 ] } },
{ "type": "Feature", "properties": { "name": "Accademia \"B\"", "name:en": null, "amenity": "ferry_terminal", "building": null, "port": null, "operator:type": null, "addr:full": null, "addr:city": null, "source": null, "name:it": null, "osm_id": 4212293003, "osm_type": "nodes" }, "geometry": { "type": "Point", "coordinates": [ 12.3287135, 45.4316374 ] } },
{ "type": "Feature", "properties": { "name": "Mazzorbo", "name:en": null, "amenity": "ferry_terminal", "building": null, "port": null, "operator:type": null, "addr:full": null, "addr:city": null, "source": null, "name:it": null, "osm_id": 3586816721, "osm_type": "nodes" }, "geometry": { "type": "Point", "coordinates": [ 12.4095381, 45.4881291 ] } },
{ "type": "Feature", "properties": { "name": "Burano", "name:en": null, "amenity": "ferry_terminal", "building": null, "port": null, "operator:type": null, "addr:full": null, "addr:city": null, "source": null, "name:it": null, "osm_id": 9238328217, "osm_type": "nodes" }, "geometry": { "type": "Point", "coordinates": [ 12.4148459, 45.4876117 ] } },
{ "type": "Feature", "properties": { "name": "Ca' D' Oro", "name:en": null, "amenity": "ferry_terminal", "building": null, "port": null, "operator:type": null, "addr:full": null, "addr:city": null, "source": null, "name:it": null, "osm_id": 1905904217, "osm_type": "nodes" }, "geometry": { "type": "Point", "coordinates": [ 12.3338929, 45.440545 ] } },
{ "type": "Feature", "properties": { "name": "Ca' Ballarin", "name:en": null, "amenity": "ferry_terminal", "building": null, "port": null, "operator:type": null, "addr:full": null, "addr:city": null, "source": null, "name:it": null, "osm_id": 10064329100, "osm_type": "nodes" }, "geometry": { "type": "Point", "coordinates": [ 12.519484, 45.4746775 ] } },
{ "type": "Feature", "properties": { "name": "Punte Vela", "name:en": null, "amenity": "ferry_terminal", "building": null, "port": null, "operator:type": null, "addr:full": null, "addr:city": null, "source": null, "name:it": null, "osm_id": 2408434313, "osm_type": "nodes" }, "geometry": { "type": "Point", "coordinates": [ 12.4202267, 45.4684102 ] } },
{ "type": "Feature", "properties": { "name": null, "name:en": null, "amenity": "ferry_terminal", "building": null, "port": null, "operator:type": null, "addr:full": null, "addr:city": null, "source": null, "name:it": null, "osm_id": 8600090070, "osm_type": "nodes" }, "geometry": { "type": "Point", "coordinates": [ 13.1546247, 45.705223 ] } },
{ "type": "Feature", "properties": { "name": "Punta Sabbioni Ferry", "name:en": null, "amenity": "ferry_terminal", "building": null, "port": null, "operator:type": null, "addr:full": null, "addr:city": null, "source": null, "name:it": null, "osm_id": 10006155418, "osm_type": "nodes" }, "geometry": { "type": "Point", "coordinates": [ 12.4243999, 45.4469869 ] } },
{ "type": "Feature", "properties": { "name": "Punta Sabbioni", "name:en": null, "amenity": "ferry_terminal", "building": null, "port": null, "operator:type": null, "addr:full": null, "addr:city": null, "source": null, "name:it": null, "osm_id": 1694865645, "osm_type": "nodes" }, "geometry": { "type": "Point", "coordinates": [ 12.4243438, 45.4473678 ] } },
{ "type": "Feature", "properties": { "name": "Stazione Marittima", "name:en": null, "amenity": "ferry_terminal", "building": null, "port": null, "operator:type": null, "addr:full": null, "addr:city": null, "source": null, "name:it": null, "osm_id": 2408443248, "osm_type": "nodes" }, "geometry": { "type": "Point", "coordinates": [ 12.3118809, 45.4383952 ] } },
{ "type": "Feature", "properties": { "name": "Navagero", "name:en": null, "amenity": "ferry_terminal", "building": null, "port": null, "operator:type": null, "addr:full": null, "addr:city": null, "source": null, "name:it": null, "osm_id": 1738015070, "osm_type": "nodes" }, "geometry": { "type": "Point", "coordinates": [ 12.3565563, 45.4546999 ] } },
{ "type": "Feature", "properties": { "name": "San Marco Giardinetti", "name:en": null, "amenity": "ferry_terminal", "building": null, "port": null, "operator:type": null, "addr:full": null, "addr:city": null, "source": null, "name:it": null, "osm_id": 2962870911, "osm_type": "nodes" }, "geometry": { "type": "Point", "coordinates": [ 12.3379978, 45.4323003 ] } },
{ "type": "Feature", "properties": { "name": "San Marco Vallaresso \"A\"", "name:en": null, "amenity": "ferry_terminal", "building": null, "port": null, "operator:type": null, "addr:full": null, "addr:city": null, "source": null, "name:it": null, "osm_id": 4212293017, "osm_type": "nodes" }, "geometry": { "type": "Point", "coordinates": [ 12.3375143, 45.432151 ] } },
{ "type": "Feature", "properties": { "name": "San Stae", "name:en": null, "amenity": "ferry_terminal", "building": null, "port": null, "operator:type": null, "addr:full": null, "addr:city": null, "source": null, "name:it": null, "osm_id": 283001258, "osm_type": "nodes" }, "geometry": { "type": "Point", "coordinates": [ 12.330814, 45.4417551 ] } },
{ "type": "Feature", "properties": { "name": "Sant'Angelo", "name:en": null, "amenity": "ferry_terminal", "building": null, "port": null, "operator:type": null, "addr:full": null, "addr:city": null, "source": null, "name:it": null, "osm_id": 1862236397, "osm_type": "nodes" }, "geometry": { "type": "Point", "coordinates": [ 12.3303624, 45.4355891 ] } },
{ "type": "Feature", "properties": { "name": "Giardini della Biennale \"B\"", "name:en": null, "amenity": "ferry_terminal", "building": null, "port": null, "operator:type": null, "addr:full": null, "addr:city": null, "source": null, "name:it": null, "osm_id": 1997114401, "osm_type": "nodes" }, "geometry": { "type": "Point", "coordinates": [ 12.3559427, 45.4290332 ] } },
{ "type": "Feature", "properties": { "name": "San Servolo", "name:en": null, "amenity": "ferry_terminal", "building": null, "port": null, "operator:type": null, "addr:full": null, "addr:city": null, "source": null, "name:it": null, "osm_id": 1554141249, "osm_type": "nodes" }, "geometry": { "type": "Point", "coordinates": [ 12.3553227, 45.4196134 ] } },
{ "type": "Feature", "properties": { "name": "Tre Archi", "name:en": null, "amenity": "ferry_terminal", "building": null, "port": null, "operator:type": null, "addr:full": null, "addr:city": null, "source": null, "name:it": null, "osm_id": 565563829, "osm_type": "nodes" }, "geometry": { "type": "Point", "coordinates": [ 12.3197683, 45.4462802 ] } },
{ "type": "Feature", "properties": { "name": "Torcello", "name:en": null, "amenity": "ferry_terminal", "building": null, "port": null, "operator:type": null, "addr:full": null, "addr:city": null, "source": null, "name:it": null, "osm_id": 2408434315, "osm_type": "nodes" }, "geometry": { "type": "Point", "coordinates": [ 12.4122003, 45.4950641 ] } },
{ "type": "Feature", "properties": { "name": "Ferrovia Bar Roma", "name:en": null, "amenity": "ferry_terminal", "building": null, "port": null, "operator:type": null, "addr:full": null, "addr:city": null, "source": null, "name:it": null, "osm_id": 3586510852, "osm_type": "nodes" }, "geometry": { "type": "Point", "coordinates": [ 12.3228518, 45.4412826 ] } },
{ "type": "Feature", "properties": { "name": "Certosa", "name:en": null, "amenity": "ferry_terminal", "building": null, "port": null, "operator:type": null, "addr:full": null, "addr:city": null, "source": null, "name:it": null, "osm_id": 1996193119, "osm_type": "nodes" }, "geometry": { "type": "Point", "coordinates": [ 12.3674687, 45.4304353 ] } },
{ "type": "Feature", "properties": { "name": "San Pietro di Castello", "name:en": null, "amenity": "ferry_terminal", "building": null, "port": null, "operator:type": null, "addr:full": null, "addr:city": null, "source": null, "name:it": null, "osm_id": 2725912748, "osm_type": "nodes" }, "geometry": { "type": "Point", "coordinates": [ 12.3618673, 45.4338325 ] } },
{ "type": "Feature", "properties": { "name": "Santa Marta", "name:en": null, "amenity": "ferry_terminal", "building": null, "port": null, "operator:type": null, "addr:full": null, "addr:city": null, "source": null, "name:it": null, "osm_id": 1756297435, "osm_type": "nodes" }, "geometry": { "type": "Point", "coordinates": [ 12.3112451, 45.4335556 ] } },
{ "type": "Feature", "properties": { "name": null, "name:en": null, "amenity": "ferry_terminal", "building": null, "port": null, "operator:type": null, "addr:full": null, "addr:city": null, "source": null, "name:it": null, "osm_id": 3044634917, "osm_type": "nodes" }, "geometry": { "type": "Point", "coordinates": [ 12.3107626, 45.4313163 ] } },
{ "type": "Feature", "properties": { "name": "Imbarco Lato Caorle", "name:en": null, "amenity": "ferry_terminal", "building": null, "port": null, "operator:type": null, "addr:full": null, "addr:city": null, "source": null, "name:it": null, "osm_id": 324738757, "osm_type": "nodes" }, "geometry": { "type": "Point", "coordinates": [ 12.8628338, 45.5907796 ] } },
{ "type": "Feature", "properties": { "name": "Imbarco traghetti Caorle-Vallevecchia-Bibione & Caorle-San Gaetano", "name:en": null, "amenity": "ferry_terminal", "building": null, "port": null, "operator:type": null, "addr:full": null, "addr:city": null, "source": null, "name:it": null, "osm_id": 6325109259, "osm_type": "nodes" }, "geometry": { "type": "Point", "coordinates": [ 12.8895576, 45.6279909 ] } },
{ "type": "Feature", "properties": { "name": "Imbarco traghetto Bibione - Vallevechia - Caorle", "name:en": "Ferry dock Bibione - Vallevechia - Caorle", "amenity": "ferry_terminal", "building": null, "port": null, "operator:type": null, "addr:full": null, "addr:city": null, "source": null, "name:it": null, "osm_id": 9063975617, "osm_type": "nodes" }, "geometry": { "type": "Point", "coordinates": [ 12.9938971, 45.6321066 ] } },
{ "type": "Feature", "properties": { "name": "Imbarco traghetto Vallevechia - Bibione & Vallevechia - Caorle", "name:en": "Ferry dock Vallevechia - Bibione & Vallevechia - Caorle", "amenity": "ferry_terminal", "building": null, "port": null, "operator:type": null, "addr:full": null, "addr:city": null, "source": null, "name:it": null, "osm_id": 9063975717, "osm_type": "nodes" }, "geometry": { "type": "Point", "coordinates": [ 12.9530581, 45.6403498 ] } },
{ "type": "Feature", "properties": { "name": "Imbarco Lato Porto Santa Margherita", "name:en": null, "amenity": "ferry_terminal", "building": null, "port": null, "operator:type": null, "addr:full": null, "addr:city": null, "source": null, "name:it": null, "osm_id": 5723485436, "osm_type": "nodes" }, "geometry": { "type": "Point", "coordinates": [ 12.8621575, 45.590201 ] } },
{ "type": "Feature", "properties": { "name": "Cantine di Gandria", "name:en": null, "amenity": "ferry_terminal", "building": null, "port": null, "operator:type": null, "addr:full": null, "addr:city": null, "source": null, "name:it": null, "osm_id": 31721268, "osm_type": "nodes" }, "geometry": { "type": "Point", "coordinates": [ 9.016942, 45.9984469 ] } },
{ "type": "Feature", "properties": { "name": "Cannero Riviera", "name:en": null, "amenity": "ferry_terminal", "building": null, "port": null, "operator:type": null, "addr:full": null, "addr:city": "Cannero Riviera", "source": null, "name:it": null, "osm_id": 262425415, "osm_type": "nodes" }, "geometry": { "type": "Point", "coordinates": [ 8.6859726, 46.0219043 ] } },
{ "type": "Feature", "properties": { "name": "Villa San Giovanni invasatura 2", "name:en": null, "amenity": "ferry_terminal", "building": null, "port": null, "operator:type": null, "addr:full": null, "addr:city": null, "source": null, "name:it": null, "osm_id": 330215846, "osm_type": "nodes" }, "geometry": { "type": "Point", "coordinates": [ 15.6333123, 38.216264 ] } },
{ "type": "Feature", "properties": { "name": "Serenella", "name:en": null, "amenity": "ferry_terminal", "building": null, "port": null, "operator:type": null, "addr:full": null, "addr:city": null, "source": null, "name:it": null, "osm_id": 1738015067, "osm_type": "nodes" }, "geometry": { "type": "Point", "coordinates": [ 12.3475065, 45.4548342 ] } },
{ "type": "Feature", "properties": { "name": "Museo", "name:en": null, "amenity": "ferry_terminal", "building": null, "port": null, "operator:type": null, "addr:full": null, "addr:city": null, "source": null, "name:it": null, "osm_id": 1738015076, "osm_type": "nodes" }, "geometry": { "type": "Point", "coordinates": [ 12.355437, 45.4560906 ] } },
{ "type": "Feature", "properties": { "name": null, "name:en": null, "amenity": "ferry_terminal", "building": null, "port": null, "operator:type": null, "addr:full": null, "addr:city": null, "source": null, "name:it": null, "osm_id": 1612883837, "osm_type": "nodes" }, "geometry": { "type": "Point", "coordinates": [ 8.9159829, 44.4136642 ] } },
{ "type": "Feature", "properties": { "name": null, "name:en": null, "amenity": "ferry_terminal", "building": null, "port": null, "operator:type": null, "addr:full": null, "addr:city": null, "source": null, "name:it": null, "osm_id": 1613097748, "osm_type": "nodes" }, "geometry": { "type": "Point", "coordinates": [ 8.9103352, 44.4078031 ] } },
{ "type": "Feature", "properties": { "name": "Celestia", "name:en": null, "amenity": "ferry_terminal", "building": null, "port": null, "operator:type": null, "addr:full": null, "addr:city": null, "source": null, "name:it": null, "osm_id": 1996193107, "osm_type": "nodes" }, "geometry": { "type": "Point", "coordinates": [ 12.3496733, 45.4390893 ] } },
{ "type": "Feature", "properties": { "name": "Molo per imbarco Napoli (ascensore)", "name:en": null, "amenity": "ferry_terminal", "building": null, "port": null, "operator:type": null, "addr:full": null, "addr:city": null, "source": null, "name:it": null, "osm_id": 3870493762, "osm_type": "nodes" }, "geometry": { "type": "Point", "coordinates": [ 13.3625776, 38.1341009 ] } },
{ "type": "Feature", "properties": { "name": "Ferrovia \"C\"", "name:en": null, "amenity": "ferry_terminal", "building": null, "port": null, "operator:type": null, "addr:full": null, "addr:city": null, "source": null, "name:it": null, "osm_id": 4212852272, "osm_type": "nodes" }, "geometry": { "type": "Point", "coordinates": [ 12.3214213, 45.4403581 ] } },
{ "type": "Feature", "properties": { "name": "Cimitero", "name:en": null, "amenity": "ferry_terminal", "building": null, "port": null, "operator:type": null, "addr:full": null, "addr:city": null, "source": null, "name:it": null, "osm_id": 1996193117, "osm_type": "nodes" }, "geometry": { "type": "Point", "coordinates": [ 12.345963, 45.4486861 ] } },
{ "type": "Feature", "properties": { "name": "Bardolino", "name:en": null, "amenity": "ferry_terminal", "building": null, "port": null, "operator:type": null, "addr:full": null, "addr:city": "Bardolino", "source": null, "name:it": null, "osm_id": 835546219, "osm_type": "nodes" }, "geometry": { "type": "Point", "coordinates": [ 10.7186281, 45.546338 ] } },
{ "type": "Feature", "properties": { "name": "Mandello del Lario", "name:en": null, "amenity": "ferry_terminal", "building": null, "port": null, "operator:type": null, "addr:full": null, "addr:city": "Mandello del Lario", "source": null, "name:it": null, "osm_id": 3847209371, "osm_type": "nodes" }, "geometry": { "type": "Point", "coordinates": [ 9.3172104, 45.9117889 ] } },
{ "type": "Feature", "properties": { "name": "Grado - Molo Torpediniere", "name:en": null, "amenity": "ferry_terminal", "building": null, "port": null, "operator:type": null, "addr:full": null, "addr:city": null, "source": null, "name:it": null, "osm_id": 1454343919, "osm_type": "nodes" }, "geometry": { "type": "Point", "coordinates": [ 13.3843156, 45.6829342 ] } },
{ "type": "Feature", "properties": { "name": "Muggia - Diga Foranea", "name:en": null, "amenity": "ferry_terminal", "building": null, "port": null, "operator:type": null, "addr:full": null, "addr:city": null, "source": null, "name:it": "Muggia", "osm_id": 811682527, "osm_type": "nodes" }, "geometry": { "type": "Point", "coordinates": [ 13.7664754, 45.6067176 ] } },
{ "type": "Feature", "properties": { "name": "Maiori", "name:en": null, "amenity": "ferry_terminal", "building": null, "port": null, "operator:type": null, "addr:full": null, "addr:city": null, "source": null, "name:it": null, "osm_id": 4689647640, "osm_type": "nodes" }, "geometry": { "type": "Point", "coordinates": [ 14.6350476, 40.6478302 ] } },
{ "type": "Feature", "properties": { "name": "Porlezza", "name:en": null, "amenity": "ferry_terminal", "building": null, "port": null, "operator:type": null, "addr:full": null, "addr:city": null, "source": null, "name:it": null, "osm_id": 3756102932, "osm_type": "nodes" }, "geometry": { "type": "Point", "coordinates": [ 9.1177228, 46.0351789 ] } },
{ "type": "Feature", "properties": { "name": "Pozzuoli", "name:en": null, "amenity": "ferry_terminal", "building": null, "port": null, "operator:type": null, "addr:full": null, "addr:city": null, "source": null, "name:it": "Pozzuoli", "osm_id": 334045990, "osm_type": "nodes" }, "geometry": { "type": "Point", "coordinates": [ 14.1179349, 40.8237113 ] } },
{ "type": "Feature", "properties": { "name": "Imbarco traghetto San Gaetano-Caorle", "name:en": null, "amenity": "ferry_terminal", "building": null, "port": null, "operator:type": null, "addr:full": null, "addr:city": null, "source": null, "name:it": null, "osm_id": 4928934841, "osm_type": "nodes" }, "geometry": { "type": "Point", "coordinates": [ 12.8910193, 45.6296935 ] } },
{ "type": "Feature", "properties": { "name": "GNV Genova", "name:en": null, "amenity": "ferry_terminal", "building": null, "port": null, "operator:type": null, "addr:full": null, "addr:city": null, "source": null, "name:it": null, "osm_id": 1297359253, "osm_type": "nodes" }, "geometry": { "type": "Point", "coordinates": [ 8.9100904, 44.4071531 ] } },
{ "type": "Feature", "properties": { "name": "GNV Genova", "name:en": null, "amenity": "ferry_terminal", "building": null, "port": null, "operator:type": null, "addr:full": null, "addr:city": null, "source": null, "name:it": null, "osm_id": 1970225339, "osm_type": "nodes" }, "geometry": { "type": "Point", "coordinates": [ 8.9131543, 44.4078541 ] } },
{ "type": "Feature", "properties": { "name": "Piazzale Roma Santa Chiara \"G\"", "name:en": null, "amenity": "ferry_terminal", "building": null, "port": null, "operator:type": null, "addr:full": null, "addr:city": null, "source": null, "name:it": null, "osm_id": 2683946035, "osm_type": "nodes" }, "geometry": { "type": "Point", "coordinates": [ 12.3190552, 45.4388276 ] } },
{ "type": "Feature", "properties": { "name": "Piazzale Roma Parisi \"D\"", "name:en": null, "amenity": "ferry_terminal", "building": null, "port": null, "operator:type": null, "addr:full": null, "addr:city": null, "source": null, "name:it": null, "osm_id": 4212293029, "osm_type": "nodes" }, "geometry": { "type": "Point", "coordinates": [ 12.3183434, 45.4395517 ] } },
{ "type": "Feature", "properties": { "name": "Piazzale Roma Scomenzera \"C\"", "name:en": null, "amenity": "ferry_terminal", "building": null, "port": null, "operator:type": null, "addr:full": null, "addr:city": null, "source": null, "name:it": null, "osm_id": 4212293030, "osm_type": "nodes" }, "geometry": { "type": "Point", "coordinates": [ 12.3178423, 45.4398545 ] } },
{ "type": "Feature", "properties": { "name": "Piazzale Roma Sant'Andrea \"B\"", "name:en": null, "amenity": "ferry_terminal", "building": null, "port": null, "operator:type": null, "addr:full": null, "addr:city": null, "source": null, "name:it": null, "osm_id": 5822672762, "osm_type": "nodes" }, "geometry": { "type": "Point", "coordinates": [ 12.3159951, 45.4388735 ] } },
{ "type": "Feature", "properties": { "name": "Piazzale Roma Sant'Andrea \"A\"", "name:en": null, "amenity": "ferry_terminal", "building": null, "port": null, "operator:type": null, "addr:full": null, "addr:city": null, "source": null, "name:it": null, "osm_id": 8189981975, "osm_type": "nodes" }, "geometry": { "type": "Point", "coordinates": [ 12.3157092, 45.438556 ] } },
{ "type": "Feature", "properties": { "name": "Punta Sabbioni", "name:en": null, "amenity": "ferry_terminal", "building": null, "port": null, "operator:type": null, "addr:full": null, "addr:city": null, "source": null, "name:it": null, "osm_id": 27177395, "osm_type": "nodes" }, "geometry": { "type": "Point", "coordinates": [ 12.4246575, 45.447629 ] } },
{ "type": "Feature", "properties": { "name": "Riva di Biasio \"B\"", "name:en": null, "amenity": "ferry_terminal", "building": null, "port": null, "operator:type": null, "addr:full": null, "addr:city": null, "source": null, "name:it": null, "osm_id": 643584279, "osm_type": "nodes" }, "geometry": { "type": "Point", "coordinates": [ 12.3256703, 45.441997 ] } },
{ "type": "Feature", "properties": { "name": "Tronchetto", "name:en": null, "amenity": "ferry_terminal", "building": null, "port": null, "operator:type": null, "addr:full": null, "addr:city": null, "source": null, "name:it": null, "osm_id": 892563314, "osm_type": "nodes" }, "geometry": { "type": "Point", "coordinates": [ 12.306552, 45.4402936 ] } },
{ "type": "Feature", "properties": { "name": "San Zaccaria (Danieli) \"F\"", "name:en": null, "amenity": "ferry_terminal", "building": null, "port": null, "operator:type": null, "addr:full": null, "addr:city": null, "source": null, "name:it": null, "osm_id": 3586376620, "osm_type": "nodes" }, "geometry": { "type": "Point", "coordinates": [ 12.3420164, 45.4333266 ] } },
{ "type": "Feature", "properties": { "name": "Ferrovia \"A\"", "name:en": null, "amenity": "ferry_terminal", "building": null, "port": null, "operator:type": null, "addr:full": null, "addr:city": null, "source": null, "name:it": null, "osm_id": 4212293005, "osm_type": "nodes" }, "geometry": { "type": "Point", "coordinates": [ 12.3222371, 45.4409993 ] } },
{ "type": "Feature", "properties": { "name": "Giardini della Biennale \"A\"", "name:en": null, "amenity": "ferry_terminal", "building": null, "port": null, "operator:type": null, "addr:full": null, "addr:city": null, "source": null, "name:it": null, "osm_id": 4212293006, "osm_type": "nodes" }, "geometry": { "type": "Point", "coordinates": [ 12.3560907, 45.4288809 ] } },
{ "type": "Feature", "properties": { "name": "Lago di Bolsena", "name:en": null, "amenity": "ferry_terminal", "building": null, "port": null, "operator:type": null, "addr:full": null, "addr:city": null, "source": null, "name:it": null, "osm_id": 475593258, "osm_type": "nodes" }, "geometry": { "type": "Point", "coordinates": [ 11.9074079, 42.5505622 ] } },
{ "type": "Feature", "properties": { "name": null, "name:en": null, "amenity": "ferry_terminal", "building": null, "port": null, "operator:type": null, "addr:full": null, "addr:city": null, "source": null, "name:it": null, "osm_id": 1753698254, "osm_type": "nodes" }, "geometry": { "type": "Point", "coordinates": [ 15.5617125, 38.2109235 ] } },
{ "type": "Feature", "properties": { "name": "Traghetto attraversata canale", "name:en": null, "amenity": "ferry_terminal", "building": null, "port": null, "operator:type": null, "addr:full": null, "addr:city": null, "source": null, "name:it": null, "osm_id": 278562612, "osm_type": "nodes" }, "geometry": { "type": "Point", "coordinates": [ 12.2810515, 44.4931166 ] } },
{ "type": "Feature", "properties": { "name": "Mozia imbarcadero storico", "name:en": null, "amenity": "ferry_terminal", "building": null, "port": null, "operator:type": null, "addr:full": null, "addr:city": null, "source": null, "name:it": null, "osm_id": 2599048684, "osm_type": "nodes" }, "geometry": { "type": "Point", "coordinates": [ 12.4778361, 37.8568158 ] } },
{ "type": "Feature", "properties": { "name": "Pier 7", "name:en": null, "amenity": "ferry_terminal", "building": null, "port": null, "operator:type": null, "addr:full": null, "addr:city": null, "source": null, "name:it": null, "osm_id": 3597881702, "osm_type": "nodes" }, "geometry": { "type": "Point", "coordinates": [ 14.2548849, 40.8375508 ] } },
{ "type": "Feature", "properties": { "name": "Carzano 1", "name:en": null, "amenity": "ferry_terminal", "building": null, "port": null, "operator:type": null, "addr:full": null, "addr:city": null, "source": null, "name:it": null, "osm_id": 487461974, "osm_type": "nodes" }, "geometry": { "type": "Point", "coordinates": [ 10.0956617, 45.7169905 ] } },
{ "type": "Feature", "properties": { "name": null, "name:en": null, "amenity": "ferry_terminal", "building": null, "port": null, "operator:type": null, "addr:full": null, "addr:city": null, "source": "Landsat", "name:it": null, "osm_id": 89194567, "osm_type": "nodes" }, "geometry": { "type": "Point", "coordinates": [ 11.7810559, 42.0960947 ] } },
{ "type": "Feature", "properties": { "name": "Civitavecchia", "name:en": null, "amenity": "ferry_terminal", "building": null, "port": null, "operator:type": null, "addr:full": null, "addr:city": null, "source": null, "name:it": null, "osm_id": 456381084, "osm_type": "nodes" }, "geometry": { "type": "Point", "coordinates": [ 11.782536, 42.0990729 ] } },
{ "type": "Feature", "properties": { "name": null, "name:en": null, "amenity": "ferry_terminal", "building": null, "port": null, "operator:type": null, "addr:full": null, "addr:city": null, "source": null, "name:it": null, "osm_id": 1860711442, "osm_type": "nodes" }, "geometry": { "type": "Point", "coordinates": [ 11.7832386, 42.0983107 ] } },
{ "type": "Feature", "properties": { "name": "Pozzale", "name:en": null, "amenity": "ferry_terminal", "building": null, "port": null, "operator:type": null, "addr:full": null, "addr:city": null, "source": null, "name:it": null, "osm_id": 11037298054, "osm_type": "nodes" }, "geometry": { "type": "Point", "coordinates": [ 9.8495712, 44.0390749 ] } },
{ "type": "Feature", "properties": { "name": null, "name:en": null, "amenity": "ferry_terminal", "building": null, "port": null, "operator:type": null, "addr:full": null, "addr:city": null, "source": null, "name:it": null, "osm_id": 11037368207, "osm_type": "nodes" }, "geometry": { "type": "Point", "coordinates": [ 14.3776704, 40.6308408 ] } },
{ "type": "Feature", "properties": { "name": null, "name:en": null, "amenity": "ferry_terminal", "building": null, "port": null, "operator:type": null, "addr:full": null, "addr:city": null, "source": null, "name:it": null, "osm_id": 11037368208, "osm_type": "nodes" }, "geometry": { "type": "Point", "coordinates": [ 14.3774296, 40.6307854 ] } },
{ "type": "Feature", "properties": { "name": null, "name:en": null, "amenity": "ferry_terminal", "building": null, "port": null, "operator:type": null, "addr:full": null, "addr:city": null, "source": null, "name:it": null, "osm_id": 11037368210, "osm_type": "nodes" }, "geometry": { "type": "Point", "coordinates": [ 14.3768238, 40.6305511 ] } },
{ "type": "Feature", "properties": { "name": null, "name:en": null, "amenity": "ferry_terminal", "building": null, "port": null, "operator:type": null, "addr:full": null, "addr:city": null, "source": null, "name:it": null, "osm_id": 11037368211, "osm_type": "nodes" }, "geometry": { "type": "Point", "coordinates": [ 14.3764614, 40.6305107 ] } },
{ "type": "Feature", "properties": { "name": null, "name:en": null, "amenity": "ferry_terminal", "building": null, "port": null, "operator:type": null, "addr:full": null, "addr:city": null, "source": null, "name:it": null, "osm_id": 11037368212, "osm_type": "nodes" }, "geometry": { "type": "Point", "coordinates": [ 14.3761346, 40.6304039 ] } },
{ "type": "Feature", "properties": { "name": null, "name:en": null, "amenity": "ferry_terminal", "building": null, "port": null, "operator:type": null, "addr:full": null, "addr:city": null, "source": null, "name:it": null, "osm_id": 11034264565, "osm_type": "nodes" }, "geometry": { "type": "Point", "coordinates": [ 14.4002154, 40.6396589 ] } },
{ "type": "Feature", "properties": { "name": "Banchina Ammiraglio Millo", "name:en": null, "amenity": "ferry_terminal", "building": null, "port": null, "operator:type": null, "addr:full": null, "addr:city": null, "source": "survey", "name:it": null, "osm_id": 6168936498, "osm_type": "nodes" }, "geometry": { "type": "Point", "coordinates": [ 17.9440448, 40.6446511 ] } },
{ "type": "Feature", "properties": { "name": "Lampedusa", "name:en": null, "amenity": "ferry_terminal", "building": null, "port": null, "operator:type": null, "addr:full": null, "addr:city": null, "source": null, "name:it": null, "osm_id": 262655306, "osm_type": "nodes" }, "geometry": { "type": "Point", "coordinates": [ 12.6048848, 35.49715 ] } },
{ "type": "Feature", "properties": { "name": null, "name:en": null, "amenity": "ferry_terminal", "building": null, "port": null, "operator:type": null, "addr:full": null, "addr:city": null, "source": null, "name:it": null, "osm_id": 517387683, "osm_type": "nodes" }, "geometry": { "type": "Point", "coordinates": [ 12.8533011, 35.8631644 ] } },
{ "type": "Feature", "properties": { "name": "Taxi Boat da Cinzia e Lupo di Mare", "name:en": null, "amenity": "ferry_terminal", "building": null, "port": null, "operator:type": null, "addr:full": null, "addr:city": null, "source": null, "name:it": null, "osm_id": 11005548149, "osm_type": "nodes" }, "geometry": { "type": "Point", "coordinates": [ 17.8888599, 40.2616885 ] } },
{ "type": "Feature", "properties": { "name": "Trieste Intermodal Maritime Terminal S.r.l. (T.I.M.T.)", "name:en": null, "amenity": "ferry_terminal", "building": null, "port": null, "operator:type": null, "addr:full": null, "addr:city": null, "source": null, "name:it": null, "osm_id": 10973301059, "osm_type": "nodes" }, "geometry": { "type": "Point", "coordinates": [ 13.7623479, 45.6348648 ] } },
{ "type": "Feature", "properties": { "name": "Ferrovia \"B\"", "name:en": null, "amenity": "ferry_terminal", "building": null, "port": null, "operator:type": null, "addr:full": null, "addr:city": null, "source": null, "name:it": null, "osm_id": 565563811, "osm_type": "nodes" }, "geometry": { "type": "Point", "coordinates": [ 12.322059, 45.4409058 ] } },
{ "type": "Feature", "properties": { "name": "Messina Cruise Terminal", "name:en": null, "amenity": "ferry_terminal", "building": null, "port": null, "operator:type": null, "addr:full": null, "addr:city": "Messina", "source": null, "name:it": null, "osm_id": 11938667224, "osm_type": "nodes" }, "geometry": { "type": "Point", "coordinates": [ 15.5577217, 38.193546 ] } },
{ "type": "Feature", "properties": { "name": "Isola", "name:en": null, "amenity": "ferry_terminal", "building": null, "port": null, "operator:type": null, "addr:full": null, "addr:city": null, "source": null, "name:it": null, "osm_id": 459485143, "osm_type": "nodes" }, "geometry": { "type": "Point", "coordinates": [ 8.3993659, 45.7950243 ] } },
{ "type": "Feature", "properties": { "name": "Orta piazza", "name:en": null, "amenity": "ferry_terminal", "building": null, "port": null, "operator:type": null, "addr:full": null, "addr:city": null, "source": null, "name:it": null, "osm_id": 1837704813, "osm_type": "nodes" }, "geometry": { "type": "Point", "coordinates": [ 8.4053945, 45.7979927 ] } },
{ "type": "Feature", "properties": { "name": "Lagna", "name:en": null, "amenity": "ferry_terminal", "building": null, "port": null, "operator:type": null, "addr:full": null, "addr:city": null, "source": null, "name:it": null, "osm_id": 3689511103, "osm_type": "nodes" }, "geometry": { "type": "Point", "coordinates": [ 8.3922995, 45.7858597 ] } },
{ "type": "Feature", "properties": { "name": "Luino", "name:en": null, "amenity": "ferry_terminal", "building": null, "port": null, "operator:type": null, "addr:full": null, "addr:city": "Luino", "source": null, "name:it": null, "osm_id": 262425358, "osm_type": "nodes" }, "geometry": { "type": "Point", "coordinates": [ 8.7417015, 46.0036168 ] } },
{ "type": "Feature", "properties": { "name": "Angera", "name:en": null, "amenity": "ferry_terminal", "building": null, "port": null, "operator:type": null, "addr:full": null, "addr:city": "Angera", "source": null, "name:it": null, "osm_id": 283155119, "osm_type": "nodes" }, "geometry": { "type": "Point", "coordinates": [ 8.568642, 45.7705738 ] } },
{ "type": "Feature", "properties": { "name": "Brissago", "name:en": null, "amenity": "ferry_terminal", "building": null, "port": null, "operator:type": null, "addr:full": null, "addr:city": "Brissago", "source": null, "name:it": null, "osm_id": 437377937, "osm_type": "nodes" }, "geometry": { "type": "Point", "coordinates": [ 8.7110231, 46.118101 ] } },
{ "type": "Feature", "properties": { "name": "Meina", "name:en": null, "amenity": "ferry_terminal", "building": null, "port": null, "operator:type": null, "addr:full": null, "addr:city": "Meina", "source": null, "name:it": null, "osm_id": 440741788, "osm_type": "nodes" }, "geometry": { "type": "Point", "coordinates": [ 8.5409388, 45.7891281 ] } },
{ "type": "Feature", "properties": { "name": "Baveno", "name:en": null, "amenity": "ferry_terminal", "building": null, "port": null, "operator:type": null, "addr:full": null, "addr:city": "Baveno", "source": null, "name:it": null, "osm_id": 469446548, "osm_type": "nodes" }, "geometry": { "type": "Point", "coordinates": [ 8.5068438, 45.9090426 ] } },
{ "type": "Feature", "properties": { "name": "Ranzo", "name:en": null, "amenity": "ferry_terminal", "building": null, "port": null, "operator:type": null, "addr:full": null, "addr:city": "Ranzo", "source": "Bundesamt für Verkehr (BAV), DIDOK 2009", "name:it": null, "osm_id": 984002651, "osm_type": "nodes" }, "geometry": { "type": "Point", "coordinates": [ 8.7698248, 46.1130358 ] } },
{ "type": "Feature", "properties": { "name": "Intra NLM", "name:en": null, "amenity": "ferry_terminal", "building": null, "port": null, "operator:type": null, "addr:full": null, "addr:city": null, "source": null, "name:it": null, "osm_id": 1868754583, "osm_type": "nodes" }, "geometry": { "type": "Point", "coordinates": [ 8.574923, 45.9339959 ] } },
{ "type": "Feature", "properties": { "name": "Scalo di Belgirate", "name:en": null, "amenity": "ferry_terminal", "building": null, "port": null, "operator:type": null, "addr:full": null, "addr:city": "Belgirate", "source": null, "name:it": null, "osm_id": 6547123557, "osm_type": "nodes" }, "geometry": { "type": "Point", "coordinates": [ 8.5732108, 45.8388755 ] } },
{ "type": "Feature", "properties": { "name": "Ferrovia \"D\"", "name:en": "Ferrovia \"D\"", "amenity": "ferry_terminal", "building": null, "port": null, "operator:type": null, "addr:full": null, "addr:city": null, "source": null, "name:it": null, "osm_id": 1522326280, "osm_type": "nodes" }, "geometry": { "type": "Point", "coordinates": [ 12.3212604, 45.4402071 ] } },
{ "type": "Feature", "properties": { "name": "Rinella", "name:en": null, "amenity": "ferry_terminal", "building": null, "port": null, "operator:type": null, "addr:full": null, "addr:city": null, "source": null, "name:it": null, "osm_id": 1964965534, "osm_type": "nodes" }, "geometry": { "type": "Point", "coordinates": [ 14.8287662, 38.5467171 ] } },
{ "type": "Feature", "properties": { "name": "Rinella", "name:en": null, "amenity": "ferry_terminal", "building": null, "port": null, "operator:type": null, "addr:full": null, "addr:city": null, "source": null, "name:it": null, "osm_id": 11958780691, "osm_type": "nodes" }, "geometry": { "type": "Point", "coordinates": [ 14.8286963, 38.5473593 ] } },
{ "type": "Feature", "properties": { "name": null, "name:en": null, "amenity": "ferry_terminal", "building": null, "port": null, "operator:type": null, "addr:full": null, "addr:city": null, "source": null, "name:it": null, "osm_id": 10749328277, "osm_type": "nodes" }, "geometry": { "type": "Point", "coordinates": [ 10.5448351, 42.9294516 ] } },
{ "type": "Feature", "properties": { "name": "Lecco", "name:en": null, "amenity": "ferry_terminal", "building": null, "port": null, "operator:type": null, "addr:full": null, "addr:city": "Lecco", "source": null, "name:it": null, "osm_id": 5777424005, "osm_type": "nodes" }, "geometry": { "type": "Point", "coordinates": [ 9.3871736, 45.8556496 ] } },
{ "type": "Feature", "properties": { "name": "Grotto Elvezia", "name:en": null, "amenity": "ferry_terminal", "building": null, "port": null, "operator:type": null, "addr:full": null, "addr:city": null, "source": null, "name:it": null, "osm_id": 3460258285, "osm_type": "nodes" }, "geometry": { "type": "Point", "coordinates": [ 8.99329, 46.0038171 ] } },
{ "type": "Feature", "properties": { "name": "Intra", "name:en": null, "amenity": "ferry_terminal", "building": null, "port": null, "operator:type": null, "addr:full": null, "addr:city": null, "source": null, "name:it": null, "osm_id": 11880946276, "osm_type": "nodes" }, "geometry": { "type": "Point", "coordinates": [ 8.5745937, 45.933525 ] } },
{ "type": "Feature", "properties": { "name": "San Marco Giardinetti \"A\"", "name:en": null, "amenity": "ferry_terminal", "building": null, "port": null, "operator:type": null, "addr:full": null, "addr:city": null, "source": null, "name:it": null, "osm_id": 2962870912, "osm_type": "nodes" }, "geometry": { "type": "Point", "coordinates": [ 12.338408, 45.4324147 ] } },
{ "type": "Feature", "properties": { "name": "Fondamente Nove \"D\"", "name:en": null, "amenity": "ferry_terminal", "building": null, "port": null, "operator:type": null, "addr:full": null, "addr:city": null, "source": null, "name:it": null, "osm_id": 3586736748, "osm_type": "nodes" }, "geometry": { "type": "Point", "coordinates": [ 12.3411306, 45.4428731 ] } },
{ "type": "Feature", "properties": { "name": "Fondamente Nove \"B\"", "name:en": null, "amenity": "ferry_terminal", "building": null, "port": null, "operator:type": null, "addr:full": null, "addr:city": null, "source": null, "name:it": null, "osm_id": 3586736755, "osm_type": "nodes" }, "geometry": { "type": "Point", "coordinates": [ 12.3406818, 45.443144 ] } },
{ "type": "Feature", "properties": { "name": "Fondamente Nove \"A\"", "name:en": null, "amenity": "ferry_terminal", "building": null, "port": null, "operator:type": null, "addr:full": null, "addr:city": null, "source": null, "name:it": null, "osm_id": 4735832939, "osm_type": "nodes" }, "geometry": { "type": "Point", "coordinates": [ 12.3391554, 45.4439633 ] } },
{ "type": "Feature", "properties": { "name": "Guglie \"A\"", "name:en": null, "amenity": "ferry_terminal", "building": null, "port": null, "operator:type": null, "addr:full": null, "addr:city": null, "source": null, "name:it": null, "osm_id": 4745315831, "osm_type": "nodes" }, "geometry": { "type": "Point", "coordinates": [ 12.3244182, 45.4442883 ] } },
{ "type": "Feature", "properties": { "name": "Bellagio", "name:en": null, "amenity": "ferry_terminal", "building": null, "port": null, "operator:type": null, "addr:full": null, "addr:city": "Bellagio", "source": null, "name:it": null, "osm_id": 470216788, "osm_type": "nodes" }, "geometry": { "type": "Point", "coordinates": [ 9.2599515, 45.9858341 ] } },
{ "type": "Feature", "properties": { "name": "Varenna", "name:en": null, "amenity": "ferry_terminal", "building": null, "port": null, "operator:type": null, "addr:full": null, "addr:city": "Varenna", "source": null, "name:it": null, "osm_id": 1863060158, "osm_type": "nodes" }, "geometry": { "type": "Point", "coordinates": [ 9.282924, 46.0134089 ] } },
{ "type": "Feature", "properties": { "name": "San Tomà \"B\"", "name:en": null, "amenity": "ferry_terminal", "building": null, "port": null, "operator:type": null, "addr:full": null, "addr:city": null, "source": null, "name:it": null, "osm_id": 695741753, "osm_type": "nodes" }, "geometry": { "type": "Point", "coordinates": [ 12.3279167, 45.4351714 ] } },
{ "type": "Feature", "properties": { "name": "San Marcuola \"A\"", "name:en": null, "amenity": "ferry_terminal", "building": null, "port": null, "operator:type": null, "addr:full": null, "addr:city": null, "source": null, "name:it": null, "osm_id": 695741790, "osm_type": "nodes" }, "geometry": { "type": "Point", "coordinates": [ 12.3288131, 45.4424277 ] } },
{ "type": "Feature", "properties": { "name": "Arsenale \"B\"", "name:en": null, "amenity": "ferry_terminal", "building": null, "port": null, "operator:type": null, "addr:full": null, "addr:city": null, "source": null, "name:it": null, "osm_id": 2714417418, "osm_type": "nodes" }, "geometry": { "type": "Point", "coordinates": [ 12.3483338, 45.4328756 ] } },
{ "type": "Feature", "properties": { "name": "Zitelle \"A\"", "name:en": null, "amenity": "ferry_terminal", "building": null, "port": null, "operator:type": null, "addr:full": null, "addr:city": null, "source": null, "name:it": null, "osm_id": 2714453385, "osm_type": "nodes" }, "geometry": { "type": "Point", "coordinates": [ 12.3376696, 45.4266413 ] } },
{ "type": "Feature", "properties": { "name": "Rialto \"C\"", "name:en": null, "amenity": "ferry_terminal", "building": null, "port": null, "operator:type": null, "addr:full": null, "addr:city": null, "source": null, "name:it": "Rialto C", "osm_id": 2961006745, "osm_type": "nodes" }, "geometry": { "type": "Point", "coordinates": [ 12.3353911, 45.4374409 ] } },
{ "type": "Feature", "properties": { "name": "Zitelle \"B\"", "name:en": null, "amenity": "ferry_terminal", "building": null, "port": null, "operator:type": null, "addr:full": null, "addr:city": null, "source": null, "name:it": null, "osm_id": 3269212235, "osm_type": "nodes" }, "geometry": { "type": "Point", "coordinates": [ 12.3378922, 45.4267261 ] } },
{ "type": "Feature", "properties": { "name": "Giardini \"A\"", "name:en": null, "amenity": "ferry_terminal", "building": null, "port": null, "operator:type": null, "addr:full": null, "addr:city": null, "source": null, "name:it": null, "osm_id": 4212293007, "osm_type": "nodes" }, "geometry": { "type": "Point", "coordinates": [ 12.3550065, 45.429751 ] } },
{ "type": "Feature", "properties": { "name": "Giudecca Palanca \"B\"", "name:en": null, "amenity": "ferry_terminal", "building": null, "port": null, "operator:type": null, "addr:full": null, "addr:city": null, "source": null, "name:it": null, "osm_id": 4212293009, "osm_type": "nodes" }, "geometry": { "type": "Point", "coordinates": [ 12.3256422, 45.4268598 ] } },
{ "type": "Feature", "properties": { "name": "Rialto \"A\"", "name:en": null, "amenity": "ferry_terminal", "building": null, "port": null, "operator:type": null, "addr:full": null, "addr:city": null, "source": null, "name:it": null, "osm_id": 4779015408, "osm_type": "nodes" }, "geometry": { "type": "Point", "coordinates": [ 12.3345602, 45.4369942 ] } },
{ "type": "Feature", "properties": { "name": "Sacca Fisola \"B\"", "name:en": null, "amenity": "ferry_terminal", "building": null, "port": null, "operator:type": null, "addr:full": null, "addr:city": null, "source": null, "name:it": null, "osm_id": 7842357155, "osm_type": "nodes" }, "geometry": { "type": "Point", "coordinates": [ 12.3163063, 45.4289601 ] } },
{ "type": "Feature", "properties": { "name": "Societa' Di Navigazione Motoscafisti Gradesi Di Biasiol Franco & C. Snc", "name:en": null, "amenity": "ferry_terminal", "building": null, "port": null, "operator:type": null, "addr:full": null, "addr:city": null, "source": null, "name:it": null, "osm_id": 815160821, "osm_type": "nodes" }, "geometry": { "type": "Point", "coordinates": [ 13.38883, 45.6787407 ] } },
{ "type": "Feature", "properties": { "name": null, "name:en": null, "amenity": "ferry_terminal", "building": null, "port": null, "operator:type": null, "addr:full": null, "addr:city": null, "source": null, "name:it": null, "osm_id": 1186108659, "osm_type": "nodes" }, "geometry": { "type": "Point", "coordinates": [ 14.4863654, 40.6271754 ] } },
{ "type": "Feature", "properties": { "name": "Rome Cruise Port Terminal", "name:en": null, "amenity": "ferry_terminal", "building": null, "port": null, "operator:type": null, "addr:full": null, "addr:city": "Civitavecchia", "source": null, "name:it": "Terminal Crociere di Roma", "osm_id": 11938558217, "osm_type": "nodes" }, "geometry": { "type": "Point", "coordinates": [ 11.7886711, 42.0958551 ] } },
{ "type": "Feature", "properties": { "name": "Guglie \"B\"", "name:en": null, "amenity": "ferry_terminal", "building": null, "port": null, "operator:type": null, "addr:full": null, "addr:city": null, "source": null, "name:it": null, "osm_id": 565563823, "osm_type": "nodes" }, "geometry": { "type": "Point", "coordinates": [ 12.3241319, 45.4444298 ] } },
{ "type": "Feature", "properties": { "name": "Fondamente Nove \"C\"", "name:en": null, "amenity": "ferry_terminal", "building": null, "port": null, "operator:type": null, "addr:full": null, "addr:city": null, "source": null, "name:it": null, "osm_id": 643584311, "osm_type": "nodes" }, "geometry": { "type": "Point", "coordinates": [ 12.340895, 45.4430202 ] } },
{ "type": "Feature", "properties": { "name": "San Marco Vallaresso \"B\"", "name:en": null, "amenity": "ferry_terminal", "building": null, "port": null, "operator:type": null, "addr:full": null, "addr:city": null, "source": null, "name:it": null, "osm_id": 2714417410, "osm_type": "nodes" }, "geometry": { "type": "Point", "coordinates": [ 12.337296, 45.4320852 ] } },
{ "type": "Feature", "properties": { "name": "Intra", "name:en": null, "amenity": "ferry_terminal", "building": null, "port": null, "operator:type": null, "addr:full": null, "addr:city": null, "source": null, "name:it": null, "osm_id": 59943052, "osm_type": "nodes" }, "geometry": { "type": "Point", "coordinates": [ 8.5745609, 45.9336979 ] } },
{ "type": "Feature", "properties": { "name": "Laveno", "name:en": null, "amenity": "ferry_terminal", "building": null, "port": null, "operator:type": null, "addr:full": null, "addr:city": "Laveno", "source": null, "name:it": null, "osm_id": 307723444, "osm_type": "nodes" }, "geometry": { "type": "Point", "coordinates": [ 8.6181096, 45.9090671 ] } },
{ "type": "Feature", "properties": { "name": "Laveno", "name:en": null, "amenity": "ferry_terminal", "building": null, "port": null, "operator:type": null, "addr:full": null, "addr:city": "Laveno", "source": null, "name:it": null, "osm_id": 1788957957, "osm_type": "nodes" }, "geometry": { "type": "Point", "coordinates": [ 8.6182495, 45.9092309 ] } },
{ "type": "Feature", "properties": { "name": "S.Elena-Stadio Penzo \"C\"", "name:en": null, "amenity": "ferry_terminal", "building": null, "port": null, "operator:type": null, "addr:full": null, "addr:city": null, "source": null, "name:it": null, "osm_id": 245032746, "osm_type": "nodes" }, "geometry": { "type": "Point", "coordinates": [ 12.3605924, 45.4254056 ] } },
{ "type": "Feature", "properties": { "name": "Giardini \"B\"", "name:en": null, "amenity": "ferry_terminal", "building": null, "port": null, "operator:type": null, "addr:full": null, "addr:city": null, "source": null, "name:it": null, "osm_id": 245032757, "osm_type": "nodes" }, "geometry": { "type": "Point", "coordinates": [ 12.3548442, 45.4298416 ] } },
{ "type": "Feature", "properties": { "name": "Giudecca Palanca \"A\"", "name:en": null, "amenity": "ferry_terminal", "building": null, "port": null, "operator:type": null, "addr:full": null, "addr:city": null, "source": null, "name:it": null, "osm_id": 247909376, "osm_type": "nodes" }, "geometry": { "type": "Point", "coordinates": [ 12.3254361, 45.4269025 ] } },
{ "type": "Feature", "properties": { "name": "Arsenale \"A\"", "name:en": null, "amenity": "ferry_terminal", "building": null, "port": null, "operator:type": null, "addr:full": null, "addr:city": null, "source": null, "name:it": null, "osm_id": 4212293026, "osm_type": "nodes" }, "geometry": { "type": "Point", "coordinates": [ 12.3485464, 45.43275 ] } },
{ "type": "Feature", "properties": { "name": "Rialto \"B\"", "name:en": null, "amenity": "ferry_terminal", "building": null, "port": null, "operator:type": null, "addr:full": null, "addr:city": null, "source": null, "name:it": null, "osm_id": 4212293028, "osm_type": "nodes" }, "geometry": { "type": "Point", "coordinates": [ 12.3347529, 45.4370811 ] } },
{ "type": "Feature", "properties": { "name": "Rialto \"D\"", "name:en": null, "amenity": "ferry_terminal", "building": null, "port": null, "operator:type": null, "addr:full": null, "addr:city": null, "source": null, "name:it": null, "osm_id": 4212293032, "osm_type": "nodes" }, "geometry": { "type": "Point", "coordinates": [ 12.3355416, 45.4375864 ] } },
{ "type": "Feature", "properties": { "name": "San Tomà \"A\"", "name:en": null, "amenity": "ferry_terminal", "building": null, "port": null, "operator:type": null, "addr:full": null, "addr:city": null, "source": null, "name:it": null, "osm_id": 4212293033, "osm_type": "nodes" }, "geometry": { "type": "Point", "coordinates": [ 12.3281384, 45.4352443 ] } },
{ "type": "Feature", "properties": { "name": "S.Elena-Stadio Penzo \"B\"", "name:en": null, "amenity": "ferry_terminal", "building": null, "port": null, "operator:type": null, "addr:full": null, "addr:city": null, "source": null, "name:it": null, "osm_id": 4212293034, "osm_type": "nodes" }, "geometry": { "type": "Point", "coordinates": [ 12.3607945, 45.4252948 ] } },
{ "type": "Feature", "properties": { "name": "San Marcuola \"B\"", "name:en": null, "amenity": "ferry_terminal", "building": null, "port": null, "operator:type": null, "addr:full": null, "addr:city": null, "source": null, "name:it": null, "osm_id": 4735865014, "osm_type": "nodes" }, "geometry": { "type": "Point", "coordinates": [ 12.3281988, 45.4424798 ] } },
{ "type": "Feature", "properties": { "name": "Treporti", "name:en": null, "amenity": "ferry_terminal", "building": null, "port": null, "operator:type": null, "addr:full": null, "addr:city": null, "source": null, "name:it": null, "osm_id": 3531851719, "osm_type": "nodes" }, "geometry": { "type": "Point", "coordinates": [ 12.4471024, 45.4715595 ] } },
{ "type": "Feature", "properties": { "name": "Capannone", "name:en": null, "amenity": "ferry_terminal", "building": null, "port": null, "operator:type": null, "addr:full": null, "addr:city": null, "source": null, "name:it": null, "osm_id": 2408434316, "osm_type": "nodes" }, "geometry": { "type": "Point", "coordinates": [ 12.3885859, 45.4546534 ] } },
{ "type": "Feature", "properties": { "name": "Punta Navaccia", "name:en": null, "amenity": "ferry_terminal", "building": null, "port": null, "operator:type": null, "addr:full": null, "addr:city": null, "source": null, "name:it": null, "osm_id": 5790678116, "osm_type": "nodes" }, "geometry": { "type": "Point", "coordinates": [ 12.079971, 43.1906737 ] } },
{ "type": "Feature", "properties": { "name": "Sant'Erasmo - Forte Massimiliano", "name:en": null, "amenity": "ferry_terminal", "building": null, "port": null, "operator:type": null, "addr:full": null, "addr:city": null, "source": null, "name:it": null, "osm_id": 10860853896, "osm_type": "nodes" }, "geometry": { "type": "Point", "coordinates": [ 12.3916267, 45.4463058 ] } },
{ "type": "Feature", "properties": { "name": "Passignano", "name:en": null, "amenity": "ferry_terminal", "building": null, "port": null, "operator:type": null, "addr:full": null, "addr:city": null, "source": null, "name:it": null, "osm_id": 309960785, "osm_type": "nodes" }, "geometry": { "type": "Point", "coordinates": [ 12.1359152, 43.1830445 ] } },
{ "type": "Feature", "properties": { "name": "Vulcano", "name:en": null, "amenity": "ferry_terminal", "building": null, "port": null, "operator:type": null, "addr:full": null, "addr:city": null, "source": null, "name:it": null, "osm_id": 4235111510, "osm_type": "nodes" }, "geometry": { "type": "Point", "coordinates": [ 14.9608216, 38.4152562 ] } },
{ "type": "Feature", "properties": { "name": "Siremar", "name:en": null, "amenity": "ferry_terminal", "building": null, "port": null, "operator:type": null, "addr:full": null, "addr:city": null, "source": null, "name:it": null, "osm_id": 4735267415, "osm_type": "nodes" }, "geometry": { "type": "Point", "coordinates": [ 14.9559009, 38.4697157 ] } },
{ "type": "Feature", "properties": { "name": "Vulcano - Aliscafi", "name:en": null, "amenity": "ferry_terminal", "building": null, "port": null, "operator:type": null, "addr:full": null, "addr:city": null, "source": null, "name:it": null, "osm_id": 5174303263, "osm_type": "nodes" }, "geometry": { "type": "Point", "coordinates": [ 14.9615005, 38.4153078 ] } },
{ "type": "Feature", "properties": { "name": "X-River Bibione", "name:en": null, "amenity": "ferry_terminal", "building": null, "port": null, "operator:type": null, "addr:full": null, "addr:city": null, "source": null, "name:it": null, "osm_id": 12006722799, "osm_type": "nodes" }, "geometry": { "type": "Point", "coordinates": [ 13.0945721, 45.6470576 ] } },
{ "type": "Feature", "properties": { "name": "Cruise Pirs Napoli", "name:en": "Naples Cruise Port", "amenity": "ferry_terminal", "building": null, "port": null, "operator:type": null, "addr:full": null, "addr:city": "Napoli", "source": null, "name:it": "Cruise Pirs Napoli", "osm_id": 11938692071, "osm_type": "nodes" }, "geometry": { "type": "Point", "coordinates": [ 14.2602186, 40.8381904 ] } },
{ "type": "Feature", "properties": { "name": null, "name:en": null, "amenity": "ferry_terminal", "building": null, "port": null, "operator:type": null, "addr:full": null, "addr:city": null, "source": null, "name:it": null, "osm_id": 2214827867, "osm_type": "nodes" }, "geometry": { "type": "Point", "coordinates": [ 15.1975632, 37.235944 ] } },
{ "type": "Feature", "properties": { "name": null, "name:en": null, "amenity": "ferry_terminal", "building": null, "port": null, "operator:type": null, "addr:full": null, "addr:city": null, "source": null, "name:it": null, "osm_id": 9091705485, "osm_type": "nodes" }, "geometry": { "type": "Point", "coordinates": [ 15.1936844, 37.2361752 ] } },
{ "type": "Feature", "properties": { "name": "Marone", "name:en": null, "amenity": "ferry_terminal", "building": null, "port": null, "operator:type": null, "addr:full": null, "addr:city": null, "source": null, "name:it": null, "osm_id": 487461855, "osm_type": "nodes" }, "geometry": { "type": "Point", "coordinates": [ 10.0911152, 45.7387765 ] } },
{ "type": "Feature", "properties": { "name": "Castro", "name:en": null, "amenity": "ferry_terminal", "building": null, "port": null, "operator:type": null, "addr:full": null, "addr:city": null, "source": null, "name:it": null, "osm_id": 487463501, "osm_type": "nodes" }, "geometry": { "type": "Point", "coordinates": [ 10.0661282, 45.8019522 ] } },
{ "type": "Feature", "properties": { "name": "Riva di Solto", "name:en": null, "amenity": "ferry_terminal", "building": null, "port": null, "operator:type": null, "addr:full": null, "addr:city": null, "source": null, "name:it": null, "osm_id": 487464097, "osm_type": "nodes" }, "geometry": { "type": "Point", "coordinates": [ 10.0387996, 45.7728693 ] } },
{ "type": "Feature", "properties": { "name": "Paradiso", "name:en": null, "amenity": "ferry_terminal", "building": null, "port": null, "operator:type": null, "addr:full": null, "addr:city": null, "source": null, "name:it": null, "osm_id": 2545151300, "osm_type": "nodes" }, "geometry": { "type": "Point", "coordinates": [ 10.0869058, 45.7200125 ] } },
{ "type": "Feature", "properties": { "name": "Sarnico", "name:en": null, "amenity": "ferry_terminal", "building": null, "port": null, "operator:type": null, "addr:full": null, "addr:city": null, "source": null, "name:it": null, "osm_id": 4258249966, "osm_type": "nodes" }, "geometry": { "type": "Point", "coordinates": [ 9.9604815, 45.6654409 ] } },
{ "type": "Feature", "properties": { "name": "Iseo 1", "name:en": null, "amenity": "ferry_terminal", "building": null, "port": null, "operator:type": null, "addr:full": null, "addr:city": null, "source": null, "name:it": null, "osm_id": 6602783965, "osm_type": "nodes" }, "geometry": { "type": "Point", "coordinates": [ 10.0469664, 45.6600131 ] } },
{ "type": "Feature", "properties": { "name": "Costa Volpino", "name:en": null, "amenity": "ferry_terminal", "building": null, "port": null, "operator:type": null, "addr:full": null, "addr:city": "Costa Volpino", "source": "https://navigazionelagoiseo.it/2019/06/28/apertura-pontile-costa-volpino/;http://www.piuvallitv.it/news/2019-06-23_nuovo-scalo-e-pontile-a-costa-v;http://www.piuvallitv.it/news/2019-06-28_il-battello-attracca-a-costa-volpino", "name:it": null, "osm_id": 11833980481, "osm_type": "nodes" }, "geometry": { "type": "Point", "coordinates": [ 10.084199, 45.8225558 ] } },
{ "type": "Feature", "properties": { "name": "Iseo 2", "name:en": null, "amenity": "ferry_terminal", "building": null, "port": null, "operator:type": null, "addr:full": null, "addr:city": null, "source": null, "name:it": null, "osm_id": 11833980487, "osm_type": "nodes" }, "geometry": { "type": "Point", "coordinates": [ 10.0465872, 45.6598253 ] } },
{ "type": "Feature", "properties": { "name": "Clusane", "name:en": null, "amenity": "ferry_terminal", "building": null, "port": null, "operator:type": null, "addr:full": null, "addr:city": null, "source": null, "name:it": null, "osm_id": 2331520113, "osm_type": "nodes" }, "geometry": { "type": "Point", "coordinates": [ 10.003075, 45.6662236 ] } },
{ "type": "Feature", "properties": { "name": "Carzano 2", "name:en": null, "amenity": "ferry_terminal", "building": null, "port": null, "operator:type": null, "addr:full": null, "addr:city": null, "source": null, "name:it": null, "osm_id": 2545151277, "osm_type": "nodes" }, "geometry": { "type": "Point", "coordinates": [ 10.0966769, 45.7158912 ] } },
{ "type": "Feature", "properties": { "name": "Siviano", "name:en": null, "amenity": "ferry_terminal", "building": null, "port": null, "operator:type": null, "addr:full": null, "addr:city": null, "source": null, "name:it": null, "osm_id": 3783542141, "osm_type": "nodes" }, "geometry": { "type": "Point", "coordinates": [ 10.0767927, 45.7159503 ] } },
{ "type": "Feature", "properties": { "name": "Bogliaco", "name:en": null, "amenity": "ferry_terminal", "building": null, "port": null, "operator:type": null, "addr:full": null, "addr:city": "Gargnano", "source": null, "name:it": null, "osm_id": 4975286297, "osm_type": "nodes" }, "geometry": { "type": "Point", "coordinates": [ 10.6534269, 45.6751064 ] } },
{ "type": "Feature", "properties": { "name": "Molo Beverello (Terminal Ascalfi)", "name:en": null, "amenity": "ferry_terminal", "building": null, "port": null, "operator:type": null, "addr:full": null, "addr:city": null, "source": null, "name:it": null, "osm_id": 286240671, "osm_type": "nodes" }, "geometry": { "type": "Point", "coordinates": [ 14.25475, 40.8373523 ] } },
{ "type": "Feature", "properties": { "name": "San Giorgio", "name:en": null, "amenity": "ferry_terminal", "building": null, "port": null, "operator:type": null, "addr:full": null, "addr:city": null, "source": null, "name:it": null, "osm_id": 247911389, "osm_type": "nodes" }, "geometry": { "type": "Point", "coordinates": [ 12.3422196, 45.4294652 ] } },
{ "type": "Feature", "properties": { "name": "Terminal Traghetti", "name:en": null, "amenity": "ferry_terminal", "building": null, "port": null, "operator:type": null, "addr:full": null, "addr:city": null, "source": null, "name:it": null, "osm_id": 2960621330, "osm_type": "nodes" }, "geometry": { "type": "Point", "coordinates": [ 13.939001, 40.745664 ] } },
{ "type": "Feature", "properties": { "name": "Pier 11", "name:en": null, "amenity": "ferry_terminal", "building": null, "port": null, "operator:type": null, "addr:full": null, "addr:city": null, "source": null, "name:it": null, "osm_id": 5109521171, "osm_type": "nodes" }, "geometry": { "type": "Point", "coordinates": [ 14.2555562, 40.8379737 ] } },
{ "type": "Feature", "properties": { "name": "2", "name:en": null, "amenity": "ferry_terminal", "building": null, "port": null, "operator:type": null, "addr:full": null, "addr:city": null, "source": null, "name:it": null, "osm_id": 5292425109, "osm_type": "nodes" }, "geometry": { "type": "Point", "coordinates": [ 13.9392625, 40.7442143 ] } },
{ "type": "Feature", "properties": { "name": null, "name:en": null, "amenity": "ferry_terminal", "building": null, "port": null, "operator:type": null, "addr:full": null, "addr:city": null, "source": null, "name:it": null, "osm_id": 11037368653, "osm_type": "nodes" }, "geometry": { "type": "Point", "coordinates": [ 14.3744252, 40.6299629 ] } },
{ "type": "Feature", "properties": { "name": null, "name:en": null, "amenity": "ferry_terminal", "building": null, "port": null, "operator:type": null, "addr:full": null, "addr:city": null, "source": null, "name:it": null, "osm_id": 11037368654, "osm_type": "nodes" }, "geometry": { "type": "Point", "coordinates": [ 14.3743755, 40.6299388 ] } },
{ "type": "Feature", "properties": { "name": null, "name:en": null, "amenity": "ferry_terminal", "building": null, "port": null, "operator:type": null, "addr:full": null, "addr:city": null, "source": null, "name:it": null, "osm_id": 3607289257, "osm_type": "nodes" }, "geometry": { "type": "Point", "coordinates": [ 12.3195119, 45.6343063 ] } },
{ "type": "Feature", "properties": { "name": null, "name:en": null, "amenity": "ferry_terminal", "building": null, "port": null, "operator:type": null, "addr:full": null, "addr:city": null, "source": null, "name:it": null, "osm_id": 3814651198, "osm_type": "nodes" }, "geometry": { "type": "Point", "coordinates": [ 12.3192053, 45.6338984 ] } },
{ "type": "Feature", "properties": { "name": null, "name:en": null, "amenity": "ferry_terminal", "building": null, "port": null, "operator:type": null, "addr:full": null, "addr:city": null, "source": null, "name:it": null, "osm_id": 1912260155, "osm_type": "nodes" }, "geometry": { "type": "Point", "coordinates": [ 16.5287707, 39.6607629 ] } },
{ "type": "Feature", "properties": { "name": "Sapri", "name:en": null, "amenity": "ferry_terminal", "building": null, "port": null, "operator:type": null, "addr:full": null, "addr:city": null, "source": null, "name:it": null, "osm_id": 1186807241, "osm_type": "nodes" }, "geometry": { "type": "Point", "coordinates": [ 15.6282458, 40.0637922 ] } },
{ "type": "Feature", "properties": { "name": "Imbarco Golfo Aranci Sardinia Ferries", "name:en": null, "amenity": "ferry_terminal", "building": null, "port": null, "operator:type": null, "addr:full": null, "addr:city": "Figari/Golfo Aranci", "source": null, "name:it": null, "osm_id": 5026057657, "osm_type": "nodes" }, "geometry": { "type": "Point", "coordinates": [ 9.6221739, 40.9942945 ] } },
{ "type": "Feature", "properties": { "name": null, "name:en": null, "amenity": "ferry_terminal", "building": null, "port": null, "operator:type": null, "addr:full": null, "addr:city": null, "source": null, "name:it": null, "osm_id": 247958241, "osm_type": "nodes" }, "geometry": { "type": "Point", "coordinates": [ 15.5616576, 38.210311 ] } },
{ "type": "Feature", "properties": { "name": null, "name:en": null, "amenity": "ferry_terminal", "building": null, "port": null, "operator:type": null, "addr:full": null, "addr:city": null, "source": null, "name:it": null, "osm_id": 536098486, "osm_type": "nodes" }, "geometry": { "type": "Point", "coordinates": [ 15.561824, 38.209006 ] } },
{ "type": "Feature", "properties": { "name": "Casa del custode delle acque", "name:en": null, "amenity": "ferry_terminal", "building": null, "port": null, "operator:type": null, "addr:full": null, "addr:city": null, "source": null, "name:it": null, "osm_id": 9476295755, "osm_type": "nodes" }, "geometry": { "type": "Point", "coordinates": [ 9.5338113, 45.5737467 ] } },
{ "type": "Feature", "properties": { "name": "Concesa", "name:en": null, "amenity": "ferry_terminal", "building": null, "port": null, "operator:type": null, "addr:full": null, "addr:city": null, "source": null, "name:it": null, "osm_id": 9476295756, "osm_type": "nodes" }, "geometry": { "type": "Point", "coordinates": [ 9.5294424, 45.6016904 ] } },
{ "type": "Feature", "properties": { "name": "Imbarco La Maddalena", "name:en": null, "amenity": "ferry_terminal", "building": null, "port": null, "operator:type": null, "addr:full": null, "addr:city": null, "source": null, "name:it": null, "osm_id": 7246067308, "osm_type": "nodes" }, "geometry": { "type": "Point", "coordinates": [ 9.3863957, 41.1817296 ] } },
{ "type": "Feature", "properties": { "name": "Golfo Aranci", "name:en": null, "amenity": "ferry_terminal", "building": null, "port": null, "operator:type": null, "addr:full": null, "addr:city": null, "source": null, "name:it": null, "osm_id": 5026057658, "osm_type": "nodes" }, "geometry": { "type": "Point", "coordinates": [ 9.623153, 40.9945698 ] } },
{ "type": "Feature", "properties": { "name": "Campione", "name:en": null, "amenity": "ferry_terminal", "building": null, "port": null, "operator:type": null, "addr:full": null, "addr:city": null, "source": null, "name:it": null, "osm_id": 763073444, "osm_type": "nodes" }, "geometry": { "type": "Point", "coordinates": [ 10.7490686, 45.7507403 ] } },
{ "type": "Feature", "properties": { "name": null, "name:en": null, "amenity": "ferry_terminal", "building": null, "port": null, "operator:type": null, "addr:full": null, "addr:city": null, "source": null, "name:it": null, "osm_id": 5566359031, "osm_type": "nodes" }, "geometry": { "type": "Point", "coordinates": [ 13.7045043, 37.9860145 ] } },
{ "type": "Feature", "properties": { "name": null, "name:en": null, "amenity": "ferry_terminal", "building": null, "port": null, "operator:type": null, "addr:full": null, "addr:city": null, "source": null, "name:it": null, "osm_id": 11610194114, "osm_type": "nodes" }, "geometry": { "type": "Point", "coordinates": [ 8.7184345, 45.8113859 ] } },
{ "type": "Feature", "properties": { "name": null, "name:en": null, "amenity": "ferry_terminal", "building": null, "port": null, "operator:type": null, "addr:full": null, "addr:city": null, "source": null, "name:it": null, "osm_id": 11049003640, "osm_type": "nodes" }, "geometry": { "type": "Point", "coordinates": [ 10.2993126, 43.548469 ] } },
{ "type": "Feature", "properties": { "name": null, "name:en": null, "amenity": "ferry_terminal", "building": null, "port": null, "operator:type": null, "addr:full": null, "addr:city": null, "source": null, "name:it": null, "osm_id": 687426431, "osm_type": "nodes" }, "geometry": { "type": "Point", "coordinates": [ 14.8722338, 38.5587572 ] } },
{ "type": "Feature", "properties": { "name": null, "name:en": null, "amenity": "ferry_terminal", "building": null, "port": null, "operator:type": null, "addr:full": null, "addr:city": null, "source": null, "name:it": null, "osm_id": 838580124, "osm_type": "nodes" }, "geometry": { "type": "Point", "coordinates": [ 15.4969653, 42.1204952 ] } },
{ "type": "Feature", "properties": { "name": "Banchina di Punta Secca San Domino", "name:en": null, "amenity": "ferry_terminal", "building": null, "port": null, "operator:type": null, "addr:full": null, "addr:city": null, "source": null, "name:it": null, "osm_id": 1223448018, "osm_type": "nodes" }, "geometry": { "type": "Point", "coordinates": [ 15.4757087, 42.1118902 ] } },
{ "type": "Feature", "properties": { "name": "Milazzo", "name:en": null, "amenity": "ferry_terminal", "building": null, "port": null, "operator:type": null, "addr:full": null, "addr:city": null, "source": null, "name:it": null, "osm_id": 1899124266, "osm_type": "nodes" }, "geometry": { "type": "Point", "coordinates": [ 15.2409022, 38.2179394 ] } },
{ "type": "Feature", "properties": { "name": "Milazzo", "name:en": null, "amenity": "ferry_terminal", "building": null, "port": null, "operator:type": null, "addr:full": null, "addr:city": null, "source": null, "name:it": null, "osm_id": 1968755622, "osm_type": "nodes" }, "geometry": { "type": "Point", "coordinates": [ 15.2414281, 38.2183247 ] } },
{ "type": "Feature", "properties": { "name": null, "name:en": null, "amenity": "ferry_terminal", "building": null, "port": null, "operator:type": null, "addr:full": null, "addr:city": null, "source": null, "name:it": null, "osm_id": 3921817045, "osm_type": "nodes" }, "geometry": { "type": "Point", "coordinates": [ 14.7136832, 42.173629 ] } },
{ "type": "Feature", "properties": { "name": null, "name:en": null, "amenity": "ferry_terminal", "building": null, "port": null, "operator:type": null, "addr:full": null, "addr:city": null, "source": null, "name:it": null, "osm_id": 5136058723, "osm_type": "nodes" }, "geometry": { "type": "Point", "coordinates": [ 12.3251731, 37.9322434 ] } },
{ "type": "Feature", "properties": { "name": null, "name:en": null, "amenity": "ferry_terminal", "building": null, "port": null, "operator:type": null, "addr:full": null, "addr:city": null, "source": null, "name:it": null, "osm_id": 6337604193, "osm_type": "nodes" }, "geometry": { "type": "Point", "coordinates": [ 15.9019464, 38.6804759 ] } },
{ "type": "Feature", "properties": { "name": "Venice Fusina Ferry Terminal", "name:en": null, "amenity": "ferry_terminal", "building": null, "port": null, "operator:type": null, "addr:full": null, "addr:city": null, "source": null, "name:it": null, "osm_id": 3870653507, "osm_type": "nodes" }, "geometry": { "type": "Point", "coordinates": [ 12.2562117, 45.4249228 ] } },
{ "type": "Feature", "properties": { "name": "Venice Fusina Cruise Terminal", "name:en": null, "amenity": "ferry_terminal", "building": null, "port": null, "operator:type": null, "addr:full": null, "addr:city": null, "source": null, "name:it": null, "osm_id": 11577603308, "osm_type": "nodes" }, "geometry": { "type": "Point", "coordinates": [ 12.255685, 45.423529 ] } },
{ "type": "Feature", "properties": { "name": "Faggeto Lario", "name:en": null, "amenity": "ferry_terminal", "building": null, "port": null, "operator:type": null, "addr:full": null, "addr:city": null, "source": null, "name:it": null, "osm_id": 4977455034, "osm_type": "nodes" }, "geometry": { "type": "Point", "coordinates": [ 9.1498079, 45.8654774 ] } },
{ "type": "Feature", "properties": { "name": null, "name:en": null, "amenity": "ferry_terminal", "building": null, "port": null, "operator:type": null, "addr:full": null, "addr:city": null, "source": null, "name:it": null, "osm_id": 1753698278, "osm_type": "nodes" }, "geometry": { "type": "Point", "coordinates": [ 15.6329673, 38.2210816 ] } },
{ "type": "Feature", "properties": { "name": "Villa San Giovanni invasatura automezzi", "name:en": null, "amenity": "ferry_terminal", "building": null, "port": null, "operator:type": null, "addr:full": null, "addr:city": null, "source": null, "name:it": null, "osm_id": 8191001989, "osm_type": "nodes" }, "geometry": { "type": "Point", "coordinates": [ 15.6335971, 38.216969 ] } },
{ "type": "Feature", "properties": { "name": "Sulzano 2", "name:en": null, "amenity": "ferry_terminal", "building": null, "port": null, "operator:type": null, "addr:full": null, "addr:city": null, "source": null, "name:it": null, "osm_id": 11549401684, "osm_type": "nodes" }, "geometry": { "type": "Point", "coordinates": [ 10.0983156, 45.689407 ] } },
{ "type": "Feature", "properties": { "name": "Sulzano", "name:en": null, "amenity": "ferry_terminal", "building": null, "port": null, "operator:type": null, "addr:full": null, "addr:city": null, "source": null, "name:it": null, "osm_id": 4277270275, "osm_type": "nodes" }, "geometry": { "type": "Point", "coordinates": [ 10.0991957, 45.6909249 ] } },
{ "type": "Feature", "properties": { "name": null, "name:en": null, "amenity": "ferry_terminal", "building": "transportation", "port": null, "operator:type": null, "addr:full": null, "addr:city": null, "source": null, "name:it": null, "osm_id": 560849546, "osm_type": "nodes" }, "geometry": { "type": "Point", "coordinates": [ 8.6187718, 45.957324 ] } },
{ "type": "Feature", "properties": { "name": "Calata Carrara", "name:en": null, "amenity": "ferry_terminal", "building": null, "port": null, "operator:type": null, "addr:full": null, "addr:city": null, "source": null, "name:it": null, "osm_id": 5711200995, "osm_type": "nodes" }, "geometry": { "type": "Point", "coordinates": [ 10.3021975, 43.5554649 ] } },
{ "type": "Feature", "properties": { "name": "Casamicciola Porto", "name:en": null, "amenity": "ferry_terminal", "building": null, "port": null, "operator:type": null, "addr:full": null, "addr:city": null, "source": null, "name:it": null, "osm_id": 2938975370, "osm_type": "nodes" }, "geometry": { "type": "Point", "coordinates": [ 13.9072087, 40.7510546 ] } },
{ "type": "Feature", "properties": { "name": "Molo Musco", "name:en": null, "amenity": "ferry_terminal", "building": null, "port": null, "operator:type": null, "addr:full": null, "addr:city": null, "source": null, "name:it": null, "osm_id": 835926945, "osm_type": "nodes" }, "geometry": { "type": "Point", "coordinates": [ 12.965028, 40.8953457 ] } },
{ "type": "Feature", "properties": { "name": "Manerba del Garda", "name:en": null, "amenity": "ferry_terminal", "building": null, "port": null, "operator:type": null, "addr:full": null, "addr:city": "Manerba del Garda", "source": null, "name:it": null, "osm_id": 455957366, "osm_type": "nodes" }, "geometry": { "type": "Point", "coordinates": [ 10.5679355, 45.5444958 ] } },
{ "type": "Feature", "properties": { "name": "Gargnano", "name:en": null, "amenity": "ferry_terminal", "building": null, "port": null, "operator:type": null, "addr:full": null, "addr:city": "Gargnano", "source": null, "name:it": null, "osm_id": 614634355, "osm_type": "nodes" }, "geometry": { "type": "Point", "coordinates": [ 10.6643839, 45.6879345 ] } },
{ "type": "Feature", "properties": { "name": null, "name:en": null, "amenity": "ferry_terminal", "building": null, "port": null, "operator:type": null, "addr:full": null, "addr:city": null, "source": null, "name:it": null, "osm_id": 11205061947, "osm_type": "nodes" }, "geometry": { "type": "Point", "coordinates": [ 9.9072111, 43.430444 ] } },
{ "type": "Feature", "properties": { "name": "Isola Maggiore", "name:en": null, "amenity": "ferry_terminal", "building": null, "port": null, "operator:type": null, "addr:full": null, "addr:city": null, "source": null, "name:it": null, "osm_id": 309960577, "osm_type": "nodes" }, "geometry": { "type": "Point", "coordinates": [ 12.0883227, 43.1771979 ] } },
{ "type": "Feature", "properties": { "name": null, "name:en": null, "amenity": "ferry_terminal", "building": null, "port": null, "operator:type": null, "addr:full": null, "addr:city": null, "source": null, "name:it": null, "osm_id": 12477164095, "osm_type": "nodes" }, "geometry": { "type": "Point", "coordinates": [ 10.3113453, 43.576159 ] } },
{ "type": "Feature", "properties": { "name": null, "name:en": null, "amenity": "ferry_terminal", "building": null, "port": null, "operator:type": null, "addr:full": null, "addr:city": null, "source": null, "name:it": null, "osm_id": 1864720057, "osm_type": "nodes" }, "geometry": { "type": "Point", "coordinates": [ 10.3034897, 43.5805018 ] } },
{ "type": "Feature", "properties": { "name": "Lord Byron", "name:en": null, "amenity": "ferry_terminal", "building": null, "port": null, "operator:type": null, "addr:full": null, "addr:city": null, "source": null, "name:it": null, "osm_id": 9981146925, "osm_type": "nodes" }, "geometry": { "type": "Point", "coordinates": [ 9.8309993, 44.1047896 ] } },
{ "type": "Feature", "properties": { "name": "La Maddalena", "name:en": null, "amenity": "ferry_terminal", "building": null, "port": null, "operator:type": null, "addr:full": null, "addr:city": null, "source": null, "name:it": null, "osm_id": 450164747, "osm_type": "nodes" }, "geometry": { "type": "Point", "coordinates": [ 9.4057552, 41.2114003 ] } },
{ "type": "Feature", "properties": { "name": "Palermo (Liberty Lines)", "name:en": null, "amenity": "ferry_terminal", "building": null, "port": null, "operator:type": null, "addr:full": null, "addr:city": "Palermo", "source": null, "name:it": null, "osm_id": 12156723609, "osm_type": "nodes" }, "geometry": { "type": "Point", "coordinates": [ 13.3692289, 38.1253608 ] } },
{ "type": "Feature", "properties": { "name": "Murano Colonna", "name:en": null, "amenity": "ferry_terminal", "building": null, "port": null, "operator:type": null, "addr:full": null, "addr:city": null, "source": null, "name:it": null, "osm_id": 247790544, "osm_type": "nodes" }, "geometry": { "type": "Point", "coordinates": [ 12.3489016, 45.4510926 ] } },
{ "type": "Feature", "properties": { "name": "Venier", "name:en": null, "amenity": "ferry_terminal", "building": null, "port": null, "operator:type": null, "addr:full": null, "addr:city": null, "source": null, "name:it": null, "osm_id": 2247320623, "osm_type": "nodes" }, "geometry": { "type": "Point", "coordinates": [ 12.351178, 45.4574346 ] } }
]
}
